,,,,,,,,,,,,,,,,
,Dati Operativi (Efficienza e Costi),,,Dati ESG (Sostenibilità e Rischio Ambientale),,,,,,,,,,,,
PESI,0.35,0.1,0.1,0.1,0.2,0.05,0.1,,,,,,,,,
Motivazione pesi,Il costo rimane il driver principale. Un'azienda non può fallire per essere green).,Importante per non bloccare la produzione,La qualità base,Impatto su inquinamento trasporti e rischi logistici,"cuore dello Scope 3, parametro ESG più alto","""bonus"" per chi ha fatto la burocrazia ambientale",Premia fortemente chi ha già fatto la transizione energetica,,,NORMALIZZAZIONE VALORI,,,,,,
FORNITORI,Costo Unitario (€),Lead Time (Giorni),Difettosità (%),Distanza (Km),Emissioni CO2 (Kg),ISO 14001,Energia Rinnov. (%),AI-Ready Score (1-100),,Norm. (Costo Unitario),Norm. Lead Time,Norm. Difettosità,Norm. Distanza,Norm. CO2,Norm. ISO,Norm. Rinnovabili
Fornitore 1,14.67,55,0.0155,7064,47.3,0,0.35,64.2,,0.7481,0.5794,0.8984,0.5168,0.7285,0,0.35
Fornitore 2,16.43,58,0.0291,9063,55.0,1,0.11,61.74,,0.7043,0.5556,0.8062,0.3796,0.6787,1,0.11
Fornitore 3,7.0,27,0.0118,7907,64.4,0,0.17,68.75,,0.9386,0.8016,0.9234,0.4589,0.618,0,0.17
Fornitore 4,10.21,28,0.0373,4847,62.9,0,0.29,67.65,,0.8589,0.7937,0.7507,0.6689,0.6277,0,0.29
Fornitore 5,8.0,25,0.0372,8993,57.9,1,0.39,73.62,,0.9138,0.8175,0.7514,0.3844,0.66,1,0.39
Fornitore 6,16.24,29,0.0254,6584,49.3,1,0.31,68.9,,0.7091,0.7857,0.8313,0.5497,0.7156,1,0.31
Fornitore 7,8.54,52,0.0184,4141,39.7,1,0.14,75.46,,0.9004,0.6032,0.8787,0.7173,0.7776,1,0.14
Fornitore 8,8.87,17,0.0338,5203,61.9,1,0.16,73.51,,0.8922,0.881,0.7744,0.6445,0.6341,1,0.16
Fornitore 9,5.07,3,0.0034,154,14.1,1,0.95,97.53,,0.9866,0.9921,0.9804,0.9909,0.9431,1,0.95
Fornitore 10,9.37,52,0.0399,9117,58.3,1,0.14,67.46,,0.8798,0.6032,0.7331,0.3759,0.6574,1,0.14
Fornitore 11,5.45,7,0.0041,224,5.7,1,0.83,96.67,,0.9771,0.9603,0.9756,0.9861,0.9974,1,0.83
Fornitore 12,12.85,38,0.0379,855,53.6,0,0.17,67.26,,0.7933,0.7143,0.7466,0.9428,0.6878,0,0.17
Fornitore 13,15.79,25,0.028,6276,64.5,0,0.17,61.27,,0.7202,0.8175,0.8137,0.5708,0.6173,0,0.17
Fornitore 14,26.58,77,0.1206,9783,146.5,0,0.03,27.09,,0.4522,0.4048,0.1863,0.3302,0.0873,0,0.03
Fornitore 15,42.47,111,0.1433,9261,131.2,0,0.04,11.47,,0.0574,0.1349,0.0325,0.366,0.1862,0,0.04
Fornitore 16,7.02,8,0.0032,197,17.0,1,0.81,93.64,,0.9381,0.9524,0.9817,0.9879,0.9244,1,0.81
Fornitore 17,12.95,30,0.0164,4056,68.2,1,0.1,69.48,,0.7908,0.7778,0.8923,0.7232,0.5934,1,0.1
Fornitore 18,5.95,9,0.0009,325,6.4,1,0.77,95.53,,0.9647,0.9444,0.9973,0.9791,0.9929,1,0.77
Fornitore 19,12.99,50,0.0284,6849,65.6,1,0.09,65.36,,0.7898,0.619,0.811,0.5315,0.6102,1,0.09
Fornitore 20,11.98,31,0.0192,7458,60.2,0,0.17,64.45,,0.8149,0.7698,0.8733,0.4897,0.6451,0,0.17
Fornitore 21,10.08,15,0.0346,2888,44.8,1,0.09,75.66,,0.8621,0.8968,0.769,0.8033,0.7447,1,0.09
Fornitore 22,13.61,41,0.0197,3158,72.4,1,0.39,70.78,,0.7744,0.6905,0.8699,0.7848,0.5663,1,0.39
Fornitore 23,14.49,27,0.0352,6178,36.8,1,0.24,71.11,,0.7525,0.8016,0.7649,0.5776,0.7964,1,0.24
Fornitore 24,12.69,26,0.0125,4304,62.5,1,0.09,70.75,,0.7973,0.8095,0.9187,0.7061,0.6303,1,0.09
Fornitore 25,14.78,33,0.0321,989,72.8,1,0.39,70.99,,0.7453,0.754,0.7859,0.9336,0.5637,1,0.39
Fornitore 26,15.04,36,0.0113,1304,50.3,0,0.25,68.23,,0.7389,0.7302,0.9268,0.912,0.7091,0,0.25
Fornitore 27,10.82,49,0.022,7356,86.7,1,0.34,67.19,,0.8437,0.627,0.8543,0.4967,0.4738,1,0.34
Fornitore 28,39.64,93,0.0664,9104,126.2,0,0.02,21.12,,0.1277,0.2778,0.5535,0.3768,0.2185,0,0.02
Fornitore 29,40.96,84,0.0903,13185,134.8,0,0.04,15.36,,0.0949,0.3492,0.3916,0.0968,0.1629,0,0.04
Fornitore 30,28.43,70,0.0858,13090,150.3,0,0.04,25.73,,0.4062,0.4603,0.4221,0.1033,0.0627,0,0.04
Fornitore 31,7.0,22,0.0348,5400,61.0,1,0.25,75.55,,0.9386,0.8413,0.7676,0.6309,0.6399,1,0.25
Fornitore 32,7.58,40,0.0192,6591,48.7,0,0.25,70.45,,0.9242,0.6984,0.8733,0.5492,0.7195,0,0.25
Fornitore 33,14.39,25,0.0105,3261,47.4,0,0.34,69.66,,0.755,0.8175,0.9322,0.7777,0.7279,0,0.34
Fornitore 34,7.0,42,0.0333,3490,61.5,0,0.1,68.81,,0.9386,0.6825,0.7778,0.762,0.6367,0,0.1
Fornitore 35,12.6,47,0.0223,571,54.3,0,0.13,67.52,,0.7995,0.6429,0.8523,0.9623,0.6833,0,0.13
Fornitore 36,12.73,46,0.0256,6926,65.6,0,0.15,61.64,,0.7963,0.6508,0.8299,0.5262,0.6102,0,0.15
Fornitore 37,11.0,59,0.029,1893,81.5,0,0.3,64.78,,0.8393,0.5476,0.8069,0.8716,0.5074,0,0.3
Fornitore 38,13.23,48,0.0351,727,77.6,1,0.09,67.51,,0.7839,0.6349,0.7656,0.9516,0.5326,1,0.09
Fornitore 39,36.97,72,0.1103,12612,145.3,0,0.04,17.46,,0.194,0.4444,0.2561,0.1361,0.095,0,0.04
Fornitore 40,16.4,44,0.0111,2932,58.9,0,0.12,62.9,,0.7051,0.6667,0.9282,0.8003,0.6535,0,0.12
Fornitore 41,15.0,22,0.0224,712,41.6,0,0.25,70.16,,0.7399,0.8413,0.8516,0.9526,0.7654,0,0.25
Fornitore 42,13.68,37,0.0246,8272,81.4,1,0.07,62.83,,0.7727,0.7222,0.8367,0.4339,0.5081,1,0.07
Fornitore 43,15.8,17,0.0111,653,48.6,0,0.36,70.86,,0.72,0.881,0.9282,0.9566,0.7201,0,0.36
Fornitore 44,31.77,87,0.1077,9075,125.6,0,0.02,25.74,,0.3232,0.3254,0.2737,0.3788,0.2224,0,0.02
Fornitore 45,15.02,41,0.013,5278,79.6,0,0.15,60.22,,0.7394,0.6905,0.9153,0.6393,0.5197,0,0.15
Fornitore 46,10.1,42,0.014,7147,37.9,1,0.35,75.46,,0.8616,0.6825,0.9085,0.5111,0.7893,1,0.35
Fornitore 47,35.39,81,0.0771,10835,128.1,0,0.01,23.51,,0.2333,0.373,0.481,0.258,0.2062,0,0.01
Fornitore 48,8.81,15,0.0301,5474,49.9,0,0.07,69.44,,0.8937,0.8968,0.7995,0.6259,0.7117,0,0.07
Fornitore 49,12.28,29,0.0159,4828,67.2,0,0.26,66.38,,0.8075,0.7857,0.8957,0.6702,0.5999,0,0.26
Fornitore 50,5.77,5,0.0029,230,7.6,1,0.96,97.68,,0.9692,0.9762,0.9837,0.9857,0.9851,1,0.96
Fornitore 51,12.57,34,0.0286,3608,57.3,1,0.4,73.38,,0.8002,0.746,0.8096,0.7539,0.6639,1,0.4
Fornitore 52,5.24,2,0.0024,40,15.4,1,0.9,96.94,,0.9824,1.0,0.9871,0.9987,0.9347,1,0.9
Fornitore 53,12.26,55,0.0358,3828,59.6,1,0.29,69.95,,0.808,0.5794,0.7608,0.7388,0.649,1,0.29
Fornitore 54,7.0,22,0.0198,4966,90.3,0,0.39,69.47,,0.9386,0.8413,0.8692,0.6607,0.4505,0,0.39
Fornitore 55,7.0,39,0.02,5049,61.4,1,0.12,74.09,,0.9386,0.7063,0.8679,0.655,0.6374,1,0.12
Fornitore 56,10.09,58,0.0118,710,52.8,1,0.2,75.34,,0.8619,0.5556,0.9234,0.9527,0.693,1,0.2
Fornitore 57,15.4,23,0.0188,6566,55.5,0,0.21,63.76,,0.7299,0.8333,0.876,0.5509,0.6755,0,0.21
Fornitore 58,10.65,48,0.0197,1145,57.6,0,0.22,69.4,,0.848,0.6349,0.8699,0.9229,0.6619,0,0.22
Fornitore 59,7.0,43,0.018,2721,39.7,1,0.16,78.71,,0.9386,0.6746,0.8814,0.8148,0.7776,1,0.16
Fornitore 60,7.95,7,0.0048,147,8.9,1,0.96,95.38,,0.915,0.9603,0.9709,0.9914,0.9767,1,0.96
Fornitore 61,16.1,29,0.0174,4223,37.2,0,0.07,65.34,,0.7125,0.7857,0.8855,0.7117,0.7938,0,0.07
Fornitore 62,16.62,15,0.0327,3221,47.9,1,0.26,71.17,,0.6996,0.8968,0.7818,0.7804,0.7246,1,0.26
Fornitore 63,14.62,28,0.0258,5400,48.0,1,0.33,71.54,,0.7493,0.7937,0.8286,0.6309,0.724,1,0.33
Fornitore 64,25.0,20,0.0387,6166,45.2,0,0.16,55.41,,0.4914,0.8571,0.7412,0.5784,0.7421,0,0.16
Fornitore 65,14.15,30,0.0234,8288,42.4,0,0.22,64.59,,0.761,0.7778,0.8449,0.4328,0.7602,0,0.22
Fornitore 66,8.18,29,0.0114,5788,68.9,0,0.12,67.97,,0.9093,0.7857,0.9262,0.6043,0.5889,0,0.12
Fornitore 67,12.37,16,0.0349,3087,62.9,0,0.17,66.89,,0.8052,0.8889,0.7669,0.7896,0.6277,0,0.17
Fornitore 68,4.53,4,0.0008,51,9.4,1,0.84,97.67,,1.0,0.9841,0.998,0.9979,0.9735,1,0.84
Fornitore 69,13.95,26,0.0255,8423,25.0,1,0.37,73.6,,0.766,0.8095,0.8306,0.4235,0.8727,1,0.37
Fornitore 70,18.27,16,0.0316,6884,50.7,1,0.11,65.35,,0.6586,0.8889,0.7893,0.5291,0.7065,1,0.11
Fornitore 71,13.2,49,0.0389,9327,64.4,1,0.2,64.1,,0.7846,0.627,0.7398,0.3615,0.618,1,0.2
Fornitore 72,9.05,34,0.0262,1121,51.5,1,0.29,77.96,,0.8877,0.746,0.8259,0.9245,0.7014,1,0.29
Fornitore 73,12.79,32,0.0164,2615,56.1,0,0.18,67.81,,0.7948,0.7619,0.8923,0.822,0.6716,0,0.18
Fornitore 74,7.38,36,0.0281,8894,51.4,1,0.28,73.71,,0.9292,0.7302,0.813,0.3912,0.702,1,0.28
Fornitore 75,10.14,39,0.0328,3912,42.3,1,0.36,76.14,,0.8606,0.7063,0.7812,0.733,0.7608,1,0.36
Fornitore 76,10.01,29,0.0307,2908,55.3,0,0.4,71.6,,0.8639,0.7857,0.7954,0.8019,0.6768,0,0.4
Fornitore 77,11.42,46,0.0399,4132,52.4,0,0.17,65.64,,0.8288,0.6508,0.7331,0.7179,0.6955,0,0.17
Fornitore 78,13.29,46,0.0327,5926,25.0,1,0.16,71.71,,0.7824,0.6508,0.7818,0.5949,0.8727,1,0.16
Fornitore 79,9.08,44,0.0192,4439,47.9,0,0.06,68.51,,0.887,0.6667,0.8733,0.6969,0.7246,0,0.06
Fornitore 80,10.13,21,0.0207,7466,47.5,0,0.2,68.69,,0.8609,0.8492,0.8631,0.4892,0.7272,0,0.2
Fornitore 81,17.59,58,0.0131,6860,51.9,0,0.35,61.13,,0.6755,0.5556,0.9146,0.5308,0.6988,0,0.35
Fornitore 82,12.21,23,0.0192,6136,73.7,1,0.15,68.85,,0.8092,0.8333,0.8733,0.5804,0.5579,1,0.15
Fornitore 83,14.35,31,0.0113,1729,46.3,0,0.15,68.45,,0.756,0.7698,0.9268,0.8828,0.735,0,0.15
Fornitore 84,16.51,29,0.0219,4900,57.0,0,0.25,63.46,,0.7024,0.7857,0.855,0.6652,0.6658,0,0.25
Fornitore 85,13.8,21,0.0145,3140,47.6,1,0.36,75.47,,0.7697,0.8492,0.9051,0.786,0.7266,1,0.36
Fornitore 86,13.98,43,0.0357,882,52.5,1,0.21,71.55,,0.7652,0.6746,0.7615,0.9409,0.6949,1,0.21
Fornitore 87,34.18,83,0.0966,11651,110.2,0,0.04,25.14,,0.2634,0.3571,0.3489,0.2021,0.3219,0,0.04
Fornitore 88,12.35,32,0.0219,4410,42.9,0,0.14,67.9,,0.8057,0.7619,0.855,0.6989,0.7569,0,0.14
Fornitore 89,16.71,38,0.0383,2920,58.8,1,0.11,66.19,,0.6974,0.7143,0.7439,0.8011,0.6542,1,0.11
Fornitore 90,15.67,38,0.0217,8124,68.0,0,0.1,58.35,,0.7232,0.7143,0.8564,0.444,0.5947,0,0.1
Fornitore 91,7.0,58,0.0255,4637,45.2,1,0.32,76.59,,0.9386,0.5556,0.8306,0.6833,0.7421,1,0.32
Fornitore 92,16.32,58,0.0257,8766,68.9,1,0.1,60.38,,0.7071,0.5556,0.8293,0.4,0.5889,1,0.1
Fornitore 93,9.85,15,0.0368,9202,37.8,1,0.3,74.38,,0.8678,0.8968,0.7541,0.3701,0.7899,1,0.3
Fornitore 94,10.56,29,0.013,1064,35.3,1,0.11,78.27,,0.8502,0.7857,0.9153,0.9284,0.8061,1,0.11
Fornitore 95,14.34,28,0.0234,7827,70.2,0,0.34,62.51,,0.7563,0.7937,0.8449,0.4644,0.5805,0,0.34
Fornitore 96,19.01,24,0.0394,1359,86.1,1,0.13,62.96,,0.6402,0.8254,0.7364,0.9082,0.4777,1,0.13
Fornitore 97,17.1,39,0.0136,6344,78.0,1,0.18,63.31,,0.6877,0.7063,0.9112,0.5662,0.5301,1,0.18
Fornitore 98,10.38,57,0.0308,7648,50.6,0,0.2,64.41,,0.8547,0.5635,0.7947,0.4767,0.7072,0,0.2
Fornitore 99,7.72,39,0.0126,5724,69.4,0,0.2,68.27,,0.9207,0.7063,0.918,0.6087,0.5856,0,0.2
Fornitore 100,6.53,3,0.0009,147,17.8,1,0.77,94.15,,0.9503,0.9921,0.9973,0.9914,0.9192,1,0.77
Fornitore 101,12.96,27,0.0285,581,71.1,0,0.09,65.8,,0.7906,0.8016,0.8103,0.9616,0.5747,0,0.09
Fornitore 102,18.4,31,0.0335,2262,44.8,0,0.08,62.56,,0.6554,0.7698,0.7764,0.8462,0.7447,0,0.08
Fornitore 103,41.04,75,0.0654,12139,91.1,0,0.01,23.75,,0.0929,0.4206,0.5603,0.1686,0.4454,0,0.01
Fornitore 104,17.57,43,0.0159,5004,72.9,1,0.35,65.7,,0.676,0.6746,0.8957,0.6581,0.563,1,0.35
Fornitore 105,7.0,59,0.019,9000,64.8,1,0.2,70.22,,0.9386,0.5476,0.8747,0.3839,0.6154,1,0.2
Fornitore 106,11.52,26,0.0278,2987,26.0,0,0.07,71.15,,0.8263,0.8095,0.815,0.7965,0.8662,0,0.07
Fornitore 107,13.85,47,0.0346,1423,57.3,0,0.08,64.13,,0.7684,0.6429,0.769,0.9038,0.6639,0,0.08
Fornitore 108,37.74,113,0.1002,10827,96.9,0,0.02,21.5,,0.1749,0.119,0.3245,0.2586,0.4079,0,0.02
Fornitore 109,11.52,27,0.0264,5006,65.1,0,0.13,65.33,,0.8263,0.8016,0.8245,0.658,0.6134,0,0.13
Fornitore 110,43.74,71,0.0601,9393,154.1,0,0.05,16.22,,0.0258,0.4524,0.5962,0.357,0.0381,0,0.05
Fornitore 111,13.54,15,0.0365,3226,53.0,1,0.28,73.13,,0.7761,0.8968,0.7561,0.7801,0.6917,1,0.28
Fornitore 112,4.75,9,0.0027,111,8.3,1,0.96,98.25,,0.9945,0.9444,0.9851,0.9938,0.9806,1,0.96
Fornitore 113,43.79,98,0.0857,13720,94.2,0,0.03,16.88,,0.0246,0.2381,0.4228,0.0601,0.4253,0,0.03
Fornitore 114,7.93,8,0.0022,206,14.4,1,0.92,94.35,,0.9155,0.9524,0.9885,0.9873,0.9412,1,0.92
Fornitore 115,16.16,59,0.0221,7615,52.1,0,0.13,58.94,,0.7111,0.5476,0.8537,0.479,0.6975,0,0.13
Fornitore 116,11.42,46,0.0116,2499,54.2,1,0.19,73.64,,0.8288,0.6508,0.9248,0.83,0.6839,1,0.19
Fornitore 117,11.61,46,0.0195,6264,37.0,1,0.34,74.08,,0.8241,0.6508,0.8713,0.5717,0.7951,1,0.34
Fornitore 118,33.62,95,0.0781,11812,131.8,0,0.0,22.62,,0.2773,0.2619,0.4743,0.191,0.1823,0,0.0
Fornitore 119,9.89,26,0.03,8617,51.8,0,0.06,65.12,,0.8668,0.8095,0.8001,0.4102,0.6994,0,0.06
Fornitore 120,13.93,26,0.0238,674,26.7,1,0.3,78.13,,0.7665,0.8095,0.8421,0.9552,0.8617,1,0.3
Fornitore 121,7.98,7,0.0016,49,7.3,1,0.88,95.05,,0.9143,0.9603,0.9925,0.9981,0.9871,1,0.88
Fornitore 122,17.97,58,0.0204,4990,43.0,1,0.17,65.94,,0.6661,0.5556,0.8652,0.6591,0.7563,1,0.17
Fornitore 123,14.1,44,0.038,2828,35.3,1,0.37,73.7,,0.7622,0.6667,0.7459,0.8074,0.8061,1,0.37
Fornitore 124,8.79,27,0.0345,3818,60.1,1,0.39,76.22,,0.8942,0.8016,0.7696,0.7395,0.6458,1,0.39
Fornitore 125,13.25,32,0.034,4944,63.1,0,0.1,62.92,,0.7834,0.7619,0.773,0.6622,0.6264,0,0.1
Fornitore 126,10.82,38,0.0201,7948,51.2,0,0.14,65.37,,0.8437,0.7143,0.8672,0.4561,0.7033,0,0.14
Fornitore 127,21.58,36,0.0168,3959,53.7,0,0.28,60.21,,0.5764,0.7302,0.8896,0.7298,0.6871,0,0.28
Fornitore 128,15.18,45,0.0134,9439,38.2,0,0.12,61.94,,0.7354,0.6587,0.9126,0.3538,0.7873,0,0.12
Fornitore 129,4.57,2,0.0033,94,10.2,1,0.88,97.89,,0.999,1.0,0.981,0.995,0.9683,1,0.88
Fornitore 130,6.82,4,0.0016,68,9.7,1,0.77,94.87,,0.9431,0.9841,0.9925,0.9968,0.9716,1,0.77
Fornitore 131,14.01,18,0.0178,2113,73.9,0,0.16,65.61,,0.7645,0.873,0.8828,0.8565,0.5566,0,0.16
Fornitore 132,5.96,3,0.0006,179,14.1,1,0.79,95.33,,0.9645,0.9921,0.9993,0.9892,0.9431,1,0.79
Fornitore 133,7.51,43,0.0327,7900,44.4,1,0.07,72.21,,0.926,0.6746,0.7818,0.4594,0.7473,1,0.07
Fornitore 134,34.71,125,0.1011,13253,117.3,0,0.0,18.62,,0.2502,0.0238,0.3184,0.0921,0.276,0,0.0
Fornitore 135,8.88,34,0.0341,3428,44.4,0,0.34,72.41,,0.8919,0.746,0.7724,0.7662,0.7473,0,0.34
Fornitore 136,16.23,44,0.0138,2834,35.7,0,0.22,66.93,,0.7093,0.6667,0.9099,0.807,0.8035,0,0.22
Fornitore 137,15.66,43,0.0118,8451,66.8,1,0.35,66.07,,0.7235,0.6746,0.9234,0.4216,0.6025,1,0.35
Fornitore 138,15.54,46,0.0298,922,35.8,1,0.33,73.69,,0.7265,0.6508,0.8015,0.9382,0.8028,1,0.33
Fornitore 139,12.94,32,0.0398,3958,50.7,0,0.06,64.67,,0.7911,0.7619,0.7337,0.7299,0.7065,0,0.06
Fornitore 140,12.36,51,0.0249,5624,51.4,0,0.16,64.45,,0.8055,0.6111,0.8347,0.6156,0.702,0,0.16
Fornitore 141,7.0,43,0.017,4005,70.2,0,0.18,69.16,,0.9386,0.6746,0.8882,0.7267,0.5805,0,0.18
Fornitore 142,9.89,47,0.0378,9057,67.0,1,0.06,65.66,,0.8668,0.6429,0.7473,0.38,0.6012,1,0.06
Fornitore 143,7.0,25,0.0248,6926,63.0,1,0.21,74.28,,0.9386,0.8175,0.8354,0.5262,0.627,1,0.21
Fornitore 144,15.15,51,0.0252,6919,49.3,0,0.15,61.28,,0.7361,0.6111,0.8327,0.5267,0.7156,0,0.15
Fornitore 145,6.18,6,0.0034,27,9.9,1,0.81,95.55,,0.959,0.9683,0.9804,0.9996,0.9703,1,0.81
Fornitore 146,44.27,87,0.0623,12513,157.4,0,0.01,11.38,,0.0127,0.3254,0.5813,0.1429,0.0168,0,0.01
Fornitore 147,4.85,7,0.0012,381,12.0,1,0.79,96.06,,0.992,0.9603,0.9953,0.9753,0.9567,1,0.79
Fornitore 148,7.7,21,0.0297,6497,69.0,0,0.05,66.58,,0.9212,0.8492,0.8022,0.5557,0.5882,0,0.05
Fornitore 149,5.49,8,0.004,238,9.8,1,0.99,97.62,,0.9761,0.9524,0.9763,0.9851,0.9709,1,0.99
Fornitore 150,14.88,34,0.0399,3633,36.2,0,0.37,68.02,,0.7429,0.746,0.7331,0.7522,0.8003,0,0.37
Fornitore 151,7.0,15,0.03,3001,45.1,1,0.11,78.73,,0.9386,0.8968,0.8001,0.7955,0.7427,1,0.11
Fornitore 152,7.73,59,0.0141,1094,40.8,1,0.1,77.45,,0.9205,0.5476,0.9079,0.9264,0.7705,1,0.1
Fornitore 153,39.52,98,0.098,10462,155.5,0,0.03,14.07,,0.1307,0.2381,0.3394,0.2836,0.0291,0,0.03
Fornitore 154,7.0,33,0.0389,8836,37.7,1,0.12,73.75,,0.9386,0.754,0.7398,0.3952,0.7906,1,0.12
Fornitore 155,22.64,118,0.1421,13514,128.7,0,0.0,25.24,,0.5501,0.0794,0.0407,0.0742,0.2023,0,0.0
Fornitore 156,9.7,50,0.0384,8764,36.9,1,0.19,70.94,,0.8716,0.619,0.7432,0.4001,0.7957,1,0.19
Fornitore 157,11.69,43,0.0266,5192,53.9,1,0.32,72.12,,0.8221,0.6746,0.8232,0.6452,0.6858,1,0.32
Fornitore 158,7.5,18,0.0245,5746,44.1,0,0.1,71.58,,0.9262,0.873,0.8374,0.6072,0.7492,0,0.1
Fornitore 159,10.58,18,0.0191,9198,54.3,0,0.33,67.88,,0.8497,0.873,0.874,0.3704,0.6833,0,0.33
Fornitore 160,5.4,9,0.0017,319,13.2,1,0.8,95.38,,0.9784,0.9444,0.9919,0.9796,0.9489,1,0.8
Fornitore 161,10.46,26,0.0361,965,37.7,1,0.2,77.69,,0.8527,0.8095,0.7588,0.9352,0.7906,1,0.2
Fornitore 162,19.58,50,0.026,7923,59.2,0,0.2,55.99,,0.6261,0.619,0.8272,0.4578,0.6516,0,0.2
Fornitore 163,15.28,43,0.0338,2114,37.2,1,0.25,72.08,,0.7329,0.6746,0.7744,0.8564,0.7938,1,0.25
Fornitore 164,19.9,39,0.011,9236,64.1,1,0.34,62.46,,0.6181,0.7063,0.9289,0.3678,0.6199,1,0.34
Fornitore 165,5.0,4,0.0028,207,8.4,1,0.84,97.15,,0.9883,0.9841,0.9844,0.9872,0.98,1,0.84
Fornitore 166,7.0,16,0.023,9063,66.4,1,0.27,73.81,,0.9386,0.8889,0.8476,0.3796,0.605,1,0.27
Fornitore 167,15.75,30,0.0398,4139,63.1,1,0.3,68.06,,0.7212,0.7778,0.7337,0.7175,0.6264,1,0.3
Fornitore 168,14.28,37,0.0176,7129,43.2,0,0.13,64.11,,0.7578,0.7222,0.8841,0.5123,0.755,0,0.13
Fornitore 169,17.72,29,0.0161,7764,50.9,0,0.24,61.52,,0.6723,0.7857,0.8943,0.4687,0.7052,0,0.24
Fornitore 170,11.63,58,0.0102,9284,25.0,1,0.05,70.32,,0.8236,0.5556,0.9343,0.3645,0.8727,1,0.05
Fornitore 171,18.63,54,0.0279,2839,51.1,0,0.15,60.4,,0.6497,0.5873,0.8144,0.8067,0.7039,0,0.15
Fornitore 172,16.98,37,0.0327,8547,53.5,0,0.29,60.03,,0.6907,0.7222,0.7818,0.415,0.6884,0,0.29
Fornitore 173,7.0,39,0.023,7381,71.1,1,0.25,72.33,,0.9386,0.7063,0.8476,0.495,0.5747,1,0.25
Fornitore 174,38.59,101,0.0994,11845,110.3,0,0.04,19.54,,0.1538,0.2143,0.3299,0.1887,0.3213,0,0.04
Fornitore 175,9.91,19,0.0235,2342,54.0,1,0.29,77.43,,0.8663,0.8651,0.8442,0.8408,0.6852,1,0.29
Fornitore 176,14.11,47,0.04,8757,54.6,1,0.24,65.46,,0.762,0.6429,0.7324,0.4006,0.6813,1,0.24
Fornitore 177,7.0,48,0.0172,3740,59.3,1,0.25,76.04,,0.9386,0.6349,0.8869,0.7448,0.6509,1,0.25
Fornitore 178,15.6,49,0.0186,2380,47.7,1,0.19,70.22,,0.725,0.627,0.8774,0.8381,0.7259,1,0.19
Fornitore 179,7.71,9,0.0045,81,16.4,1,0.94,94.33,,0.921,0.9444,0.9729,0.9959,0.9282,1,0.94
Fornitore 180,19.51,51,0.0171,2758,37.9,1,0.07,66.57,,0.6278,0.6111,0.8875,0.8122,0.7893,1,0.07
Fornitore 181,18.59,16,0.0249,8967,33.8,0,0.4,64.19,,0.6507,0.8889,0.8347,0.3862,0.8158,0,0.4
Fornitore 182,17.48,42,0.0281,1329,62.7,1,0.09,66.28,,0.6783,0.6825,0.813,0.9103,0.629,1,0.09
Fornitore 183,13.23,53,0.02,5005,38.3,0,0.32,67.58,,0.7839,0.5952,0.8679,0.658,0.7867,0,0.32
Fornitore 184,7.0,57,0.0285,8136,80.9,1,0.32,69.45,,0.9386,0.5635,0.8103,0.4432,0.5113,1,0.32
Fornitore 185,7.6,4,0.0031,309,15.2,1,0.97,95.22,,0.9237,0.9841,0.9824,0.9802,0.936,1,0.97
Fornitore 186,11.21,22,0.0344,580,47.8,0,0.17,71.13,,0.834,0.8413,0.7703,0.9616,0.7253,0,0.17
Fornitore 187,8.49,30,0.0232,5705,60.6,0,0.05,67.25,,0.9016,0.7778,0.8462,0.61,0.6425,0,0.05
Fornitore 188,10.9,47,0.0293,4730,44.0,1,0.11,71.8,,0.8417,0.6429,0.8049,0.6769,0.7498,1,0.11
Fornitore 189,27.67,104,0.1386,9106,131.9,0,0.03,25.13,,0.4251,0.1905,0.0644,0.3767,0.1816,0,0.03
Fornitore 190,7.0,24,0.0325,3840,57.3,0,0.36,73.19,,0.9386,0.8254,0.7832,0.738,0.6639,0,0.36
Fornitore 191,34.99,80,0.0825,10247,129.5,0,0.02,23.89,,0.2432,0.381,0.4444,0.2984,0.1972,0,0.02
Fornitore 192,7.45,6,0.0041,381,5.7,1,0.84,95.0,,0.9275,0.9683,0.9756,0.9753,0.9974,1,0.84
Fornitore 193,12.56,40,0.0349,3619,80.5,0,0.31,63.58,,0.8005,0.6984,0.7669,0.7531,0.5139,0,0.31
Fornitore 194,7.93,27,0.0145,7903,57.4,0,0.17,68.67,,0.9155,0.8016,0.9051,0.4592,0.6632,0,0.17
Fornitore 195,15.11,24,0.0205,501,52.6,1,0.39,75.15,,0.7371,0.8254,0.8645,0.9671,0.6942,1,0.39
Fornitore 196,12.98,55,0.0185,2211,44.5,0,0.35,69.16,,0.7901,0.5794,0.878,0.8497,0.7466,0,0.35
Fornitore 197,12.8,22,0.0207,4622,41.4,1,0.4,76.03,,0.7945,0.8413,0.8631,0.6843,0.7666,1,0.4
Fornitore 198,14.56,49,0.0104,1704,54.0,0,0.15,65.93,,0.7508,0.627,0.9329,0.8845,0.6852,0,0.15
Fornitore 199,8.0,47,0.0322,5646,47.2,1,0.06,72.59,,0.9138,0.6429,0.7852,0.6141,0.7292,1,0.06
Fornitore 200,12.87,27,0.0345,5387,52.2,1,0.05,69.21,,0.7928,0.8016,0.7696,0.6318,0.6968,1,0.05
Fornitore 201,11.33,56,0.024,1940,64.0,0,0.28,67.11,,0.8311,0.5714,0.8408,0.8683,0.6206,0,0.28
Fornitore 202,12.69,51,0.029,7760,45.5,1,0.27,69.28,,0.7973,0.6111,0.8069,0.469,0.7401,1,0.27
Fornitore 203,11.26,25,0.0391,4173,59.4,0,0.23,67.16,,0.8328,0.8175,0.7385,0.7151,0.6503,0,0.23
Fornitore 204,10.77,56,0.0248,3824,31.4,0,0.14,69.06,,0.845,0.5714,0.8354,0.7391,0.8313,0,0.14
Fornitore 205,4.75,8,0.0012,227,7.2,1,0.84,97.3,,0.9945,0.9524,0.9953,0.9859,0.9877,1,0.84
Fornitore 206,11.42,41,0.033,5043,44.3,1,0.21,72.32,,0.8288,0.6905,0.7798,0.6554,0.7479,1,0.21
Fornitore 207,14.15,42,0.0388,5203,56.0,0,0.11,61.86,,0.761,0.6825,0.7405,0.6445,0.6723,0,0.11
Fornitore 208,37.49,125,0.0855,13376,122.6,0,0.03,16.79,,0.1811,0.0238,0.4241,0.0837,0.2418,0,0.03
Fornitore 209,14.66,53,0.0132,5062,64.8,0,0.13,61.43,,0.7483,0.5952,0.914,0.6541,0.6154,0,0.13
Fornitore 210,4.7,8,0.0045,322,11.4,1,0.88,96.91,,0.9958,0.9524,0.9729,0.9793,0.9606,1,0.88
Fornitore 211,17.92,29,0.0266,4496,67.6,1,0.2,65.32,,0.6673,0.7857,0.8232,0.693,0.5973,1,0.2
Fornitore 212,17.73,20,0.0258,3152,64.0,1,0.08,66.44,,0.672,0.8571,0.8286,0.7852,0.6206,1,0.08
Fornitore 213,30.21,123,0.1337,9437,129.2,0,0.04,21.96,,0.362,0.0397,0.0976,0.354,0.1991,0,0.04
Fornitore 214,7.75,2,0.0047,61,5.7,1,0.83,95.14,,0.92,1.0,0.9715,0.9973,0.9974,1,0.83
Fornitore 215,12.74,52,0.0119,4305,34.8,1,0.06,71.97,,0.796,0.6032,0.9228,0.7061,0.8093,1,0.06
Fornitore 216,8.91,31,0.0286,7523,59.4,1,0.19,71.74,,0.8912,0.7698,0.8096,0.4853,0.6503,1,0.19
Fornitore 217,9.65,17,0.0272,9217,50.3,0,0.1,66.42,,0.8728,0.881,0.8191,0.3691,0.7091,0,0.1
Fornitore 218,14.12,29,0.0212,3182,49.9,1,0.39,74.08,,0.7617,0.7857,0.8598,0.7831,0.7117,1,0.39
Fornitore 219,35.71,98,0.0817,10137,142.3,0,0.03,20.41,,0.2253,0.2381,0.4499,0.3059,0.1144,0,0.03
Fornitore 220,7.0,49,0.0202,4402,68.8,1,0.15,73.07,,0.9386,0.627,0.8665,0.6994,0.5895,1,0.15
Fornitore 221,12.97,29,0.0285,6598,57.1,1,0.21,69.51,,0.7903,0.7857,0.8103,0.5487,0.6652,1,0.21
Fornitore 222,16.62,18,0.0387,5961,79.3,0,0.28,59.79,,0.6996,0.873,0.7412,0.5925,0.5217,0,0.28
Fornitore 223,30.87,103,0.1197,9924,93.8,0,0.04,28.17,,0.3456,0.1984,0.1924,0.3205,0.4279,0,0.04
Fornitore 224,7.0,44,0.0262,5483,41.2,1,0.32,77.59,,0.9386,0.6667,0.8259,0.6252,0.7679,1,0.32
Fornitore 225,7.71,7,0.0044,375,13.5,1,0.8,93.27,,0.921,0.9603,0.9736,0.9757,0.947,1,0.8
Fornitore 226,15.09,53,0.0131,1783,65.6,1,0.28,69.71,,0.7376,0.5952,0.9146,0.8791,0.6102,1,0.28
Fornitore 227,7.0,23,0.0367,2006,39.0,0,0.09,73.91,,0.9386,0.8333,0.7547,0.8638,0.7822,0,0.09
Fornitore 228,13.74,55,0.02,2528,44.8,1,0.38,73.44,,0.7712,0.5794,0.8679,0.828,0.7447,1,0.38
Fornitore 229,23.68,103,0.1481,11985,141.6,0,0.02,24.7,,0.5242,0.1984,0.0,0.1791,0.1189,0,0.02
Fornitore 230,9.06,58,0.015,9364,25.0,1,0.08,72.48,,0.8875,0.5556,0.9018,0.359,0.8727,1,0.08
Fornitore 231,10.62,52,0.0341,7567,56.7,1,0.38,70.44,,0.8487,0.6032,0.7724,0.4823,0.6677,1,0.38
Fornitore 232,34.93,105,0.0662,12987,115.4,0,0.02,23.01,,0.2447,0.1825,0.5549,0.1104,0.2883,0,0.02
Fornitore 233,8.68,58,0.0161,8533,44.8,1,0.07,70.64,,0.8969,0.5556,0.8943,0.416,0.7447,1,0.07
Fornitore 234,7.0,22,0.029,7044,51.8,1,0.29,76.4,,0.9386,0.8413,0.8069,0.5181,0.6994,1,0.29
Fornitore 235,8.27,56,0.0153,3103,44.5,1,0.38,78.08,,0.9071,0.5714,0.8997,0.7885,0.7466,1,0.38
Fornitore 236,19.91,16,0.0269,7306,46.1,1,0.38,67.25,,0.6179,0.8889,0.8211,0.5002,0.7363,1,0.38
Fornitore 237,13.37,36,0.0285,4404,62.5,1,0.11,68.42,,0.7804,0.7302,0.8103,0.6993,0.6303,1,0.11
Fornitore 238,23.37,88,0.1068,11438,127.5,0,0.04,31.36,,0.5319,0.3175,0.2798,0.2167,0.2101,0,0.04
Fornitore 239,13.36,28,0.0291,4544,79.5,1,0.38,69.42,,0.7806,0.7937,0.8062,0.6897,0.5204,1,0.38
Fornitore 240,9.79,35,0.0338,4082,44.3,1,0.07,73.42,,0.8693,0.7381,0.7744,0.7214,0.7479,1,0.07
Fornitore 241,18.59,31,0.0317,8511,55.1,1,0.07,61.8,,0.6507,0.7698,0.7886,0.4175,0.6781,1,0.07
Fornitore 242,7.0,45,0.0125,7478,71.8,1,0.33,73.21,,0.9386,0.6587,0.9187,0.4884,0.5701,1,0.33
Fornitore 243,10.19,28,0.0195,992,43.1,1,0.11,77.28,,0.8594,0.7937,0.8713,0.9334,0.7557,1,0.11
Fornitore 244,12.62,25,0.0212,3270,67.3,1,0.14,70.89,,0.799,0.8175,0.8598,0.7771,0.5992,1,0.14
Fornitore 245,17.61,41,0.0156,3307,37.2,0,0.26,65.73,,0.675,0.6905,0.8977,0.7745,0.7938,0,0.26
Fornitore 246,12.2,27,0.039,7948,55.9,0,0.21,63.86,,0.8094,0.8016,0.7392,0.4561,0.6729,0,0.21
Fornitore 247,7.77,36,0.0268,2558,38.6,1,0.16,78.26,,0.9195,0.7302,0.8218,0.8259,0.7847,1,0.16
Fornitore 248,11.3,25,0.0135,4780,70.4,1,0.37,73.43,,0.8318,0.8175,0.9119,0.6735,0.5792,1,0.37
Fornitore 249,9.27,34,0.0191,8330,57.9,1,0.23,71.88,,0.8822,0.746,0.874,0.4299,0.66,1,0.23
Fornitore 250,11.89,17,0.0253,1023,58.5,0,0.17,69.86,,0.8171,0.881,0.832,0.9313,0.6561,0,0.17
Fornitore 251,18.41,18,0.0342,6999,62.4,1,0.08,63.01,,0.6552,0.873,0.7717,0.5212,0.6309,1,0.08
Fornitore 252,42.28,108,0.1094,9066,117.1,0,0.03,16.02,,0.0621,0.1587,0.2622,0.3794,0.2773,0,0.03
Fornitore 253,7.0,39,0.0347,1494,30.5,1,0.28,81.13,,0.9386,0.7063,0.7683,0.8989,0.8371,1,0.28
Fornitore 254,6.2,4,0.0016,59,16.0,1,0.94,96.3,,0.9585,0.9841,0.9925,0.9974,0.9308,1,0.94
Fornitore 255,12.04,34,0.0319,9453,59.9,1,0.35,68.77,,0.8134,0.746,0.7873,0.3529,0.6471,1,0.35
Fornitore 256,20.87,23,0.0235,512,95.0,1,0.23,62.93,,0.594,0.8333,0.8442,0.9663,0.4202,1,0.23
Fornitore 257,15.51,26,0.0142,2574,84.4,1,0.1,66.64,,0.7272,0.8095,0.9072,0.8248,0.4887,1,0.1
Fornitore 258,32.54,120,0.1099,9899,102.4,0,0.04,24.94,,0.3041,0.0635,0.2588,0.3223,0.3723,0,0.04
Fornitore 259,32.81,108,0.0963,11328,94.5,0,0.04,26.62,,0.2974,0.1587,0.3509,0.2242,0.4234,0,0.04
Fornitore 260,11.56,45,0.0182,1890,25.0,0,0.09,71.35,,0.8253,0.6587,0.8801,0.8718,0.8727,0,0.09
Fornitore 261,8.59,56,0.0282,1063,41.9,1,0.33,78.16,,0.8991,0.5714,0.8123,0.9285,0.7634,1,0.33
Fornitore 262,11.62,56,0.0239,2488,39.9,1,0.18,73.6,,0.8239,0.5714,0.8415,0.8307,0.7763,1,0.18
Fornitore 263,13.54,23,0.0282,5799,50.8,0,0.25,66.27,,0.7761,0.8333,0.8123,0.6036,0.7059,0,0.25
Fornitore 264,19.03,25,0.0238,8153,29.1,0,0.24,62.73,,0.6398,0.8175,0.8421,0.4421,0.8462,0,0.24
Fornitore 265,11.35,42,0.0198,7800,65.3,1,0.21,68.6,,0.8306,0.6825,0.8692,0.4663,0.6122,1,0.21
Fornitore 266,6.55,7,0.0016,379,5.7,1,0.95,96.97,,0.9498,0.9603,0.9925,0.9754,0.9974,1,0.95
Fornitore 267,12.61,55,0.0307,7604,70.5,1,0.12,64.29,,0.7993,0.5794,0.7954,0.4797,0.5785,1,0.12
Fornitore 268,9.14,48,0.035,2972,55.3,1,0.17,73.22,,0.8855,0.6349,0.7663,0.7975,0.6768,1,0.17
Fornitore 269,18.62,27,0.0129,6669,56.0,0,0.34,62.21,,0.6499,0.8016,0.916,0.5439,0.6723,0,0.34
Fornitore 270,10.1,56,0.0182,7763,68.3,0,0.2,63.22,,0.8616,0.5714,0.8801,0.4688,0.5928,0,0.2
Fornitore 271,12.47,28,0.012,8195,56.9,0,0.15,64.47,,0.8027,0.7937,0.9221,0.4392,0.6665,0,0.15
Fornitore 272,17.07,17,0.0295,8538,63.1,1,0.39,66.52,,0.6884,0.881,0.8035,0.4156,0.6264,1,0.39
Fornitore 273,36.84,128,0.1473,10360,143.5,0,0.03,12.3,,0.1973,0.0,0.0054,0.2906,0.1067,0,0.03
Fornitore 274,7.46,46,0.023,1448,52.5,1,0.2,77.36,,0.9272,0.6508,0.8476,0.9021,0.6949,1,0.2
Fornitore 275,14.78,19,0.0296,2519,50.3,1,0.09,71.13,,0.7453,0.8651,0.8028,0.8286,0.7091,1,0.09
Fornitore 276,14.67,59,0.0158,3565,67.7,1,0.19,67.02,,0.7481,0.5476,0.8963,0.7568,0.5966,1,0.19
Fornitore 277,8.96,53,0.0284,6644,34.7,0,0.18,68.66,,0.8899,0.5952,0.811,0.5456,0.81,0,0.18
Fornitore 278,17.92,45,0.0133,1685,47.9,0,0.18,64.23,,0.6673,0.6587,0.9133,0.8858,0.7246,0,0.18
Fornitore 279,13.93,21,0.036,8685,69.1,0,0.22,60.92,,0.7665,0.8492,0.7595,0.4056,0.5876,0,0.22
Fornitore 280,14.94,46,0.0302,1134,59.1,0,0.06,63.32,,0.7414,0.6508,0.7988,0.9236,0.6522,0,0.06
Fornitore 281,9.1,57,0.0308,6833,37.3,0,0.37,69.5,,0.8865,0.5635,0.7947,0.5326,0.7931,0,0.37
Fornitore 282,15.23,53,0.0312,7957,65.5,1,0.4,65.34,,0.7342,0.5952,0.792,0.4555,0.6109,1,0.4
Fornitore 283,15.91,43,0.0394,6194,66.5,1,0.28,64.87,,0.7173,0.6746,0.7364,0.5765,0.6044,1,0.28
Fornitore 284,11.67,48,0.0362,8019,33.6,1,0.22,70.78,,0.8226,0.6349,0.7581,0.4513,0.8171,1,0.22
Fornitore 285,17.04,44,0.0206,7238,72.6,0,0.27,58.48,,0.6892,0.6667,0.8638,0.5048,0.565,0,0.27
Fornitore 286,13.1,18,0.0134,5805,59.9,1,0.28,72.18,,0.7871,0.873,0.9126,0.6032,0.6471,1,0.28
Fornitore 287,9.19,47,0.0127,3993,37.2,1,0.31,77.8,,0.8842,0.6429,0.9173,0.7275,0.7938,1,0.31
Fornitore 288,8.26,18,0.0355,4032,63.9,1,0.21,74.89,,0.9073,0.873,0.7629,0.7248,0.6212,1,0.21
Fornitore 289,8.19,18,0.0287,8084,62.1,0,0.13,67.06,,0.9091,0.873,0.8089,0.4468,0.6328,0,0.13
Fornitore 290,31.51,116,0.0759,13818,113.3,0,0.03,24.26,,0.3297,0.0952,0.4892,0.0534,0.3019,0,0.03
Fornitore 291,39.08,111,0.1247,10784,155.9,0,0.01,11.14,,0.1416,0.1349,0.1585,0.2615,0.0265,0,0.01
Fornitore 292,12.34,56,0.028,3684,81.0,1,0.34,68.16,,0.806,0.5714,0.8137,0.7487,0.5107,1,0.34
Fornitore 293,20.14,49,0.0161,7440,50.1,0,0.25,58.26,,0.6122,0.627,0.8943,0.491,0.7104,0,0.25
Fornitore 294,12.05,53,0.0301,5054,56.8,0,0.13,63.6,,0.8132,0.5952,0.7995,0.6547,0.6671,0,0.13
Fornitore 295,12.06,46,0.0321,3607,67.4,1,0.24,69.73,,0.8129,0.6508,0.7859,0.754,0.5986,1,0.24
Fornitore 296,10.38,59,0.0264,2077,67.8,1,0.38,72.94,,0.8547,0.5476,0.8245,0.8589,0.596,1,0.38
Fornitore 297,39.05,74,0.1343,12645,101.0,0,0.02,19.37,,0.1424,0.4286,0.0935,0.1339,0.3814,0,0.02
Fornitore 298,16.73,32,0.0299,3713,48.0,1,0.16,68.57,,0.6969,0.7619,0.8008,0.7467,0.724,1,0.16
Fornitore 299,15.57,49,0.0126,6312,55.2,1,0.34,68.48,,0.7257,0.627,0.918,0.5684,0.6774,1,0.34
Fornitore 300,9.64,54,0.0106,1199,63.1,1,0.28,75.26,,0.873,0.5873,0.9316,0.9192,0.6264,1,0.28
Fornitore 301,7.98,34,0.0268,1206,75.7,1,0.29,75.66,,0.9143,0.746,0.8218,0.9187,0.5449,1,0.29
Fornitore 302,14.04,47,0.027,6462,68.0,0,0.08,59.64,,0.7637,0.6429,0.8205,0.5581,0.5947,0,0.08
Fornitore 303,7.0,28,0.0363,4275,61.4,0,0.3,71.19,,0.9386,0.7937,0.7575,0.7081,0.6374,0,0.3
Fornitore 304,11.5,22,0.0142,1964,38.7,0,0.07,71.47,,0.8268,0.8413,0.9072,0.8667,0.7841,0,0.07
Fornitore 305,12.2,51,0.0319,4187,34.2,1,0.37,74.42,,0.8094,0.6111,0.7873,0.7142,0.8132,1,0.37
Fornitore 306,24.03,82,0.0921,13794,118.7,0,0.03,31.68,,0.5155,0.3651,0.3794,0.055,0.267,0,0.03
Fornitore 307,16.4,32,0.0128,3226,61.6,1,0.25,69.49,,0.7051,0.7619,0.9167,0.7801,0.6361,1,0.25
Fornitore 308,13.44,35,0.0138,5559,64.8,0,0.3,65.24,,0.7786,0.7381,0.9099,0.62,0.6154,0,0.3
Fornitore 309,22.91,96,0.1477,12428,146.5,0,0.01,24.92,,0.5434,0.254,0.0027,0.1487,0.0873,0,0.01
Fornitore 310,8.47,37,0.0235,2967,47.5,1,0.15,76.26,,0.9021,0.7222,0.8442,0.7979,0.7272,1,0.15
Fornitore 311,16.65,54,0.0381,9203,61.7,0,0.07,54.9,,0.6989,0.5873,0.7453,0.37,0.6354,0,0.07
Fornitore 312,15.05,42,0.0252,6914,59.0,0,0.25,61.83,,0.7386,0.6825,0.8327,0.5271,0.6529,0,0.25
Fornitore 313,10.84,52,0.0152,7576,28.5,0,0.34,69.76,,0.8432,0.6032,0.9004,0.4816,0.85,0,0.34
Fornitore 314,19.52,42,0.0132,575,82.4,0,0.39,61.48,,0.6276,0.6825,0.914,0.962,0.5016,0,0.39
Fornitore 315,10.44,51,0.0175,3846,50.9,1,0.35,74.8,,0.8532,0.6111,0.8848,0.7376,0.7052,1,0.35
Fornitore 316,14.52,38,0.0358,5694,47.6,1,0.08,67.5,,0.7518,0.7143,0.7608,0.6108,0.7266,1,0.08
Fornitore 317,9.64,41,0.0215,3320,62.8,0,0.07,67.04,,0.873,0.6905,0.8577,0.7737,0.6283,0,0.07
Fornitore 318,15.93,26,0.0312,1767,49.6,0,0.11,65.28,,0.7168,0.8095,0.792,0.8802,0.7136,0,0.11
Fornitore 319,10.34,45,0.0223,2430,76.6,0,0.1,65.19,,0.8557,0.6587,0.8523,0.8347,0.5391,0,0.1
Fornitore 320,16.32,21,0.0189,3358,63.4,0,0.3,65.19,,0.7071,0.8492,0.8753,0.771,0.6244,0,0.3
Fornitore 321,7.0,48,0.0214,2550,44.5,1,0.24,78.38,,0.9386,0.6349,0.8584,0.8265,0.7466,1,0.24
Fornitore 322,14.59,54,0.0224,7420,42.7,0,0.38,64.53,,0.7501,0.5873,0.8516,0.4923,0.7582,0,0.38
Fornitore 323,15.49,31,0.0161,4677,48.8,1,0.06,68.89,,0.7277,0.7698,0.8943,0.6805,0.7188,1,0.06
Fornitore 324,12.72,20,0.0134,7554,51.4,0,0.12,65.65,,0.7965,0.8571,0.9126,0.4832,0.702,0,0.12
Fornitore 325,11.51,36,0.0203,7380,31.2,1,0.14,72.9,,0.8266,0.7302,0.8659,0.4951,0.8326,1,0.14
Fornitore 326,10.13,26,0.029,3042,54.0,1,0.36,76.53,,0.8609,0.8095,0.8069,0.7927,0.6852,1,0.36
Fornitore 327,13.48,39,0.0281,9120,47.0,0,0.16,62.37,,0.7776,0.7063,0.813,0.3757,0.7304,0,0.16
Fornitore 328,7.0,51,0.0172,4978,63.7,0,0.17,68.58,,0.9386,0.6111,0.8869,0.6599,0.6225,0,0.17
Fornitore 329,12.11,56,0.0254,8731,39.4,0,0.25,64.55,,0.8117,0.5714,0.8313,0.4024,0.7796,0,0.25
Fornitore 330,14.39,48,0.0308,7740,52.6,1,0.37,68.01,,0.755,0.6349,0.7947,0.4704,0.6942,1,0.37
Fornitore 331,7.0,28,0.0102,2197,80.3,0,0.31,72.04,,0.9386,0.7937,0.9343,0.8507,0.5152,0,0.31
Fornitore 332,16.9,38,0.0328,1630,33.0,0,0.32,67.71,,0.6927,0.7143,0.7812,0.8896,0.8209,0,0.32
Fornitore 333,7.11,21,0.0311,1323,50.2,0,0.38,76.28,,0.9359,0.8492,0.7927,0.9107,0.7098,0,0.38
Fornitore 334,16.88,48,0.0311,3072,66.7,0,0.09,59.41,,0.6932,0.6349,0.7927,0.7907,0.6031,0,0.09
Fornitore 335,14.49,32,0.0397,2002,37.8,1,0.25,73.24,,0.7525,0.7619,0.7344,0.8641,0.7899,1,0.25
Fornitore 336,15.23,44,0.021,2890,47.1,0,0.19,65.5,,0.7342,0.6667,0.8611,0.8032,0.7298,0,0.19
Fornitore 337,7.38,43,0.0111,1417,29.2,0,0.19,76.4,,0.9292,0.6746,0.9282,0.9042,0.8455,0,0.19
Fornitore 338,11.69,40,0.0156,9070,74.3,0,0.23,61.91,,0.8221,0.6984,0.8977,0.3791,0.554,0,0.23
Fornitore 339,5.98,4,0.0028,227,9.6,1,0.82,95.93,,0.964,0.9841,0.9844,0.9859,0.9722,1,0.82
Fornitore 340,12.24,51,0.0225,2135,57.7,1,0.21,71.79,,0.8084,0.6111,0.8509,0.855,0.6613,1,0.21
Fornitore 341,13.75,50,0.0149,3042,41.3,1,0.35,73.97,,0.7709,0.619,0.9024,0.7927,0.7673,1,0.35
Fornitore 342,10.7,20,0.0297,5842,45.4,1,0.18,73.85,,0.8467,0.8571,0.8022,0.6006,0.7408,1,0.18
Fornitore 343,12.19,56,0.0246,1156,44.4,1,0.21,73.69,,0.8097,0.5714,0.8367,0.9221,0.7473,1,0.21
Fornitore 344,21.26,26,0.0117,672,36.7,1,0.21,70.38,,0.5843,0.8095,0.9241,0.9553,0.797,1,0.21
Fornitore 345,17.22,26,0.0124,2678,73.3,1,0.23,67.94,,0.6847,0.8095,0.9194,0.8177,0.5604,1,0.23
Fornitore 346,20.74,50,0.0119,6266,69.9,0,0.15,55.19,,0.5973,0.619,0.9228,0.5715,0.5824,0,0.15
Fornitore 347,17.17,51,0.0194,6930,37.0,1,0.34,68.4,,0.686,0.6111,0.872,0.526,0.7951,1,0.34
Fornitore 348,31.61,115,0.1067,9543,149.7,0,0.03,20.39,,0.3272,0.1032,0.2805,0.3467,0.0666,0,0.03
Fornitore 349,12.89,40,0.0393,8394,38.8,1,0.09,67.91,,0.7923,0.6984,0.7371,0.4255,0.7835,1,0.09
Fornitore 350,35.81,98,0.1053,10566,99.7,0,0.0,23.64,,0.2229,0.2381,0.29,0.2765,0.3898,0,0.0
Fornitore 351,9.07,37,0.0368,3393,46.0,0,0.06,68.84,,0.8872,0.7222,0.7541,0.7686,0.7369,0,0.06
Fornitore 352,8.57,17,0.0381,3158,49.3,0,0.23,72.21,,0.8996,0.881,0.7453,0.7848,0.7156,0,0.23
Fornitore 353,6.48,9,0.0037,176,13.4,1,0.79,94.28,,0.9516,0.9444,0.9783,0.9894,0.9476,1,0.79
Fornitore 354,9.92,18,0.028,9445,60.1,0,0.38,67.43,,0.8661,0.873,0.8137,0.3534,0.6458,0,0.38
Fornitore 355,10.53,49,0.0291,632,66.7,1,0.11,71.86,,0.8509,0.627,0.8062,0.9581,0.6031,1,0.11
Fornitore 356,12.77,19,0.0191,3195,44.7,1,0.07,73.65,,0.7953,0.8651,0.874,0.7822,0.7453,1,0.07
Fornitore 357,9.18,22,0.022,5856,71.9,1,0.11,71.4,,0.8845,0.8413,0.8543,0.5997,0.5695,1,0.11
Fornitore 358,15.08,46,0.0223,7445,53.4,0,0.19,61.45,,0.7379,0.6508,0.8523,0.4906,0.6891,0,0.19
Fornitore 359,17.13,16,0.0278,9268,25.0,1,0.39,71.09,,0.687,0.8889,0.815,0.3656,0.8727,1,0.39
Fornitore 360,13.54,42,0.0366,8007,56.5,0,0.18,61.24,,0.7761,0.6825,0.7554,0.4521,0.669,0,0.18
Fornitore 361,16.39,43,0.026,5586,35.8,0,0.07,62.64,,0.7053,0.6746,0.8272,0.6182,0.8028,0,0.07
Fornitore 362,13.85,46,0.0121,1967,65.1,1,0.07,69.25,,0.7684,0.6508,0.9214,0.8665,0.6134,1,0.07
Fornitore 363,18.7,29,0.0253,2396,55.5,0,0.24,63.14,,0.648,0.7857,0.832,0.837,0.6755,0,0.24
Fornitore 364,12.25,42,0.0268,7288,38.4,0,0.13,65.36,,0.8082,0.6825,0.8218,0.5014,0.786,0,0.13
Fornitore 365,16.35,54,0.034,9096,46.9,1,0.16,63.32,,0.7063,0.5873,0.773,0.3774,0.7311,1,0.16
Fornitore 366,10.1,59,0.0319,3992,33.7,0,0.35,70.61,,0.8616,0.5476,0.7873,0.7275,0.8164,0,0.35
Fornitore 367,16.39,48,0.0273,1006,95.0,1,0.36,65.55,,0.7053,0.6349,0.8184,0.9324,0.4202,1,0.36
Fornitore 368,7.52,27,0.0298,5773,81.3,1,0.31,72.76,,0.9257,0.8016,0.8015,0.6054,0.5087,1,0.31
Fornitore 369,16.3,20,0.0353,2383,31.7,1,0.13,72.24,,0.7076,0.8571,0.7642,0.8379,0.8293,1,0.13
Fornitore 370,4.56,7,0.0027,234,17.2,1,0.83,96.05,,0.9993,0.9603,0.9851,0.9854,0.9231,1,0.83
Fornitore 371,9.49,57,0.0236,7651,50.6,0,0.27,66.37,,0.8768,0.5635,0.8435,0.4765,0.7072,0,0.27
Fornitore 372,14.92,41,0.0166,9293,68.8,0,0.21,59.31,,0.7419,0.6905,0.8909,0.3638,0.5895,0,0.21
Fornitore 373,13.41,32,0.0287,7956,71.6,0,0.23,61.27,,0.7794,0.7619,0.8089,0.4556,0.5714,0,0.23
Fornitore 374,13.86,50,0.0145,4126,56.9,0,0.1,63.64,,0.7682,0.619,0.9051,0.7184,0.6665,0,0.1
Fornitore 375,18.82,38,0.0124,729,34.0,0,0.16,66.32,,0.645,0.7143,0.9194,0.9514,0.8145,0,0.16
Fornitore 376,9.6,23,0.0237,7186,70.5,1,0.27,71.71,,0.874,0.8333,0.8428,0.5084,0.5785,1,0.27
Fornitore 377,24.82,44,0.0199,3677,39.6,1,0.18,62.57,,0.4959,0.6667,0.8686,0.7492,0.7783,1,0.18
Fornitore 378,18.76,57,0.0398,6086,76.5,1,0.31,60.33,,0.6465,0.5635,0.7337,0.5839,0.5398,1,0.31
Fornitore 379,33.92,118,0.0886,10188,98.0,0,0.02,25.51,,0.2698,0.0794,0.4031,0.3024,0.4008,0,0.02
Fornitore 380,5.82,7,0.0007,342,7.4,1,0.85,96.48,,0.968,0.9603,0.9986,0.978,0.9864,1,0.85
Fornitore 381,9.85,28,0.0188,3989,57.3,1,0.26,75.23,,0.8678,0.7937,0.876,0.7278,0.6639,1,0.26
Fornitore 382,15.63,19,0.0235,7164,54.2,1,0.26,68.82,,0.7242,0.8651,0.8442,0.5099,0.6839,1,0.26
Fornitore 383,13.59,21,0.0229,2750,43.1,1,0.09,73.24,,0.7749,0.8492,0.8482,0.8128,0.7557,1,0.09
Fornitore 384,21.08,15,0.0259,9177,38.5,0,0.07,57.98,,0.5888,0.8968,0.8279,0.3718,0.7854,0,0.07
Fornitore 385,21.76,51,0.0329,534,61.1,0,0.13,57.67,,0.5719,0.6111,0.7805,0.9648,0.6393,0,0.13
Fornitore 386,32.48,94,0.1209,13776,158.1,0,0.01,16.15,,0.3056,0.2698,0.1843,0.0563,0.0123,0,0.01
Fornitore 387,16.2,16,0.0389,6743,25.0,0,0.31,67.08,,0.7101,0.8889,0.7398,0.5388,0.8727,0,0.31
Fornitore 388,8.25,25,0.013,3728,67.8,1,0.22,75.67,,0.9076,0.8175,0.9153,0.7457,0.596,1,0.22
Fornitore 389,43.65,85,0.1336,9025,149.7,0,0.03,10.83,,0.0281,0.3413,0.0982,0.3822,0.0666,0,0.03
Fornitore 390,14.99,47,0.0113,4920,56.5,0,0.31,64.72,,0.7401,0.6429,0.9268,0.6639,0.669,0,0.31
Fornitore 391,15.36,57,0.0306,9311,65.4,0,0.36,58.63,,0.7309,0.5635,0.7961,0.3626,0.6115,0,0.36
Fornitore 392,13.19,49,0.0299,9356,70.8,0,0.25,59.37,,0.7848,0.627,0.8008,0.3595,0.5766,0,0.25
Fornitore 393,13.8,29,0.0199,639,65.0,1,0.37,74.04,,0.7697,0.7857,0.8686,0.9576,0.6141,1,0.37
Fornitore 394,13.53,52,0.0265,4168,37.8,1,0.06,70.0,,0.7764,0.6032,0.8238,0.7155,0.7899,1,0.06
Fornitore 395,15.82,24,0.0254,9232,75.2,0,0.2,58.39,,0.7195,0.8254,0.8313,0.368,0.5482,0,0.2
Fornitore 396,9.14,17,0.0348,2252,53.0,0,0.24,72.18,,0.8855,0.881,0.7676,0.8469,0.6917,0,0.24
Fornitore 397,14.99,36,0.0387,1158,52.5,1,0.08,69.54,,0.7401,0.7302,0.7412,0.922,0.6949,1,0.08
Fornitore 398,7.0,26,0.0392,3100,63.5,1,0.07,74.39,,0.9386,0.8095,0.7378,0.7887,0.6238,1,0.07
Fornitore 399,13.24,51,0.0278,7586,81.0,1,0.39,65.61,,0.7836,0.6111,0.815,0.481,0.5107,1,0.39
Fornitore 400,24.9,93,0.083,14331,136.9,0,0.02,27.84,,0.4939,0.2778,0.4411,0.0182,0.1493,0,0.02
Fornitore 401,10.32,27,0.0301,9176,43.3,1,0.12,70.98,,0.8561,0.8016,0.7995,0.3719,0.7544,1,0.12
Fornitore 402,15.53,17,0.0295,824,65.7,0,0.39,67.82,,0.7267,0.881,0.8035,0.9449,0.6096,0,0.39
Fornitore 403,10.19,20,0.0149,5816,61.4,0,0.24,68.85,,0.8594,0.8571,0.9024,0.6024,0.6374,0,0.24
Fornitore 404,7.0,57,0.039,7851,41.4,0,0.28,68.64,,0.9386,0.5635,0.7392,0.4628,0.7666,0,0.28
Fornitore 405,14.42,27,0.0373,967,44.8,1,0.21,73.27,,0.7543,0.8016,0.7507,0.9351,0.7447,1,0.21
Fornitore 406,14.87,50,0.0183,6621,77.0,1,0.32,65.39,,0.7431,0.619,0.8794,0.5472,0.5365,1,0.32
Fornitore 407,25.78,74,0.0705,14596,126.4,0,0.02,30.61,,0.472,0.4286,0.5257,0.0,0.2172,0,0.02
Fornitore 408,14.15,52,0.0119,4857,56.0,0,0.23,64.32,,0.761,0.6032,0.9228,0.6682,0.6723,0,0.23
Fornitore 409,10.96,53,0.0256,7357,43.2,1,0.12,69.92,,0.8402,0.5952,0.8299,0.4967,0.755,1,0.12
Fornitore 410,9.04,50,0.0339,4327,42.2,0,0.25,69.78,,0.888,0.619,0.7737,0.7046,0.7615,0,0.25
Fornitore 411,14.5,24,0.0372,2535,61.2,0,0.16,64.75,,0.7523,0.8254,0.7514,0.8275,0.6387,0,0.16
Fornitore 412,32.71,102,0.1134,11154,131.9,0,0.01,21.0,,0.2999,0.2063,0.2351,0.2362,0.1816,0,0.01
Fornitore 413,7.16,42,0.0308,1935,45.7,1,0.14,77.35,,0.9347,0.6825,0.7947,0.8687,0.7388,1,0.14
Fornitore 414,11.49,43,0.0176,4249,45.1,0,0.22,68.69,,0.8271,0.6746,0.8841,0.7099,0.7427,0,0.22
Fornitore 415,6.7,5,0.004,342,6.8,1,0.96,96.82,,0.9461,0.9762,0.9763,0.978,0.9903,1,0.96
Fornitore 416,13.34,30,0.0272,7235,65.9,1,0.17,67.22,,0.7811,0.7778,0.8191,0.505,0.6083,1,0.17
Fornitore 417,10.4,57,0.0296,2940,70.8,0,0.16,64.69,,0.8542,0.5635,0.8028,0.7997,0.5766,0,0.16
Fornitore 418,7.06,6,0.0043,195,15.9,1,0.89,94.64,,0.9371,0.9683,0.9743,0.9881,0.9315,1,0.89
Fornitore 419,12.9,24,0.0395,3235,60.0,1,0.21,71.16,,0.792,0.8254,0.7358,0.7795,0.6464,1,0.21
Fornitore 420,8.74,34,0.0168,7349,31.7,1,0.06,74.85,,0.8954,0.746,0.8896,0.4972,0.8293,1,0.06
Fornitore 421,8.87,53,0.0262,4586,39.4,0,0.2,69.9,,0.8922,0.5952,0.8259,0.6868,0.7796,0,0.2
Fornitore 422,16.91,16,0.0126,7011,65.6,1,0.36,68.31,,0.6924,0.8889,0.918,0.5204,0.6102,1,0.36
Fornitore 423,13.31,28,0.0364,7523,86.2,1,0.05,62.77,,0.7819,0.7937,0.7568,0.4853,0.4771,1,0.05
Fornitore 424,7.0,58,0.0325,7764,50.5,1,0.27,72.78,,0.9386,0.5556,0.7832,0.4687,0.7078,1,0.27
Fornitore 425,15.37,55,0.0226,3395,62.3,1,0.21,67.29,,0.7307,0.5794,0.8503,0.7685,0.6315,1,0.21
Fornitore 426,12.55,55,0.0291,6869,68.3,1,0.35,67.54,,0.8007,0.5794,0.8062,0.5302,0.5928,1,0.35
Fornitore 427,10.43,22,0.0337,5300,55.7,1,0.39,74.8,,0.8534,0.8413,0.7751,0.6378,0.6742,1,0.39
Fornitore 428,11.76,32,0.0179,5519,43.5,0,0.12,67.64,,0.8204,0.7619,0.8821,0.6228,0.7531,0,0.12
Fornitore 429,7.34,38,0.019,6191,25.2,1,0.08,77.44,,0.9302,0.7143,0.8747,0.5767,0.8714,1,0.08
Fornitore 430,17.15,25,0.0264,6600,39.8,0,0.07,62.17,,0.6865,0.8175,0.8245,0.5486,0.777,0,0.07
Fornitore 431,7.0,19,0.0277,3810,59.2,1,0.11,76.19,,0.9386,0.8651,0.8157,0.74,0.6516,1,0.11
Fornitore 432,14.58,24,0.0166,6567,44.3,0,0.4,67.89,,0.7503,0.8254,0.8909,0.5509,0.7479,0,0.4
Fornitore 433,12.42,29,0.0255,7532,59.4,1,0.24,69.56,,0.804,0.7857,0.8306,0.4847,0.6503,1,0.24
Fornitore 434,12.07,50,0.0312,2759,58.4,0,0.27,66.51,,0.8127,0.619,0.792,0.8121,0.6568,0,0.27
Fornitore 435,12.78,43,0.0318,3341,49.3,1,0.16,71.08,,0.795,0.6746,0.7879,0.7722,0.7156,1,0.16
Fornitore 436,13.47,51,0.0206,3301,49.2,1,0.17,70.75,,0.7779,0.6111,0.8638,0.775,0.7162,1,0.17
Fornitore 437,8.22,56,0.0387,4788,27.8,0,0.06,69.34,,0.9083,0.5714,0.7412,0.6729,0.8546,0,0.06
Fornitore 438,12.89,27,0.0336,1060,78.9,1,0.22,70.47,,0.7923,0.8016,0.7757,0.9287,0.5242,1,0.22
Fornitore 439,6.7,6,0.0044,21,7.5,1,0.89,96.15,,0.9461,0.9683,0.9736,1.0,0.9858,1,0.89
Fornitore 440,13.02,39,0.0184,8655,53.8,0,0.35,64.77,,0.7891,0.7063,0.8787,0.4076,0.6865,0,0.35
Fornitore 441,7.0,18,0.0125,3346,60.6,1,0.19,78.24,,0.9386,0.873,0.9187,0.7719,0.6425,1,0.19
Fornitore 442,13.81,59,0.0352,9307,51.5,0,0.15,59.21,,0.7694,0.5476,0.7649,0.3629,0.7014,0,0.15
Fornitore 443,30.1,99,0.0678,11989,97.0,0,0.0,30.44,,0.3647,0.2302,0.544,0.1789,0.4072,0,0.0
Fornitore 444,8.07,49,0.0357,7141,52.5,0,0.26,67.42,,0.912,0.627,0.7615,0.5115,0.6949,0,0.26
Fornitore 445,9.31,51,0.0124,7526,28.2,1,0.1,74.04,,0.8812,0.6111,0.9194,0.4851,0.852,1,0.1
Fornitore 446,15.03,19,0.0357,7110,51.6,1,0.28,69.08,,0.7391,0.8651,0.7615,0.5136,0.7007,1,0.28
Fornitore 447,10.79,37,0.0104,1009,51.0,1,0.07,75.22,,0.8445,0.7222,0.9329,0.9322,0.7046,1,0.07
Fornitore 448,12.55,21,0.0243,3029,60.5,1,0.1,71.7,,0.8007,0.8492,0.8388,0.7936,0.6432,1,0.1
Fornitore 449,12.93,35,0.0255,5933,64.2,0,0.29,64.61,,0.7913,0.7381,0.8306,0.5944,0.6193,0,0.29
Fornitore 450,11.01,39,0.0282,6337,72.7,0,0.27,64.2,,0.839,0.7063,0.8123,0.5667,0.5643,0,0.27
Fornitore 451,13.49,15,0.0184,8051,44.6,0,0.28,67.18,,0.7774,0.8968,0.8787,0.4491,0.746,0,0.28
Fornitore 452,7.01,5,0.0025,123,15.0,1,0.82,94.35,,0.9384,0.9762,0.9864,0.993,0.9373,1,0.82
Fornitore 453,19.83,55,0.014,8184,46.8,1,0.28,63.41,,0.6199,0.5794,0.9085,0.4399,0.7317,1,0.28
Fornitore 454,9.22,30,0.0393,1151,62.4,1,0.29,75.81,,0.8835,0.7778,0.7371,0.9225,0.6309,1,0.29
Fornitore 455,19.56,20,0.0167,6823,61.4,0,0.18,59.28,,0.6266,0.8571,0.8902,0.5333,0.6374,0,0.18
Fornitore 456,8.45,33,0.0241,3865,46.1,0,0.35,73.12,,0.9026,0.754,0.8401,0.7363,0.7363,0,0.35
Fornitore 457,7.53,9,0.0044,214,6.6,1,0.99,96.17,,0.9255,0.9444,0.9736,0.9868,0.9916,1,0.99
Fornitore 458,16.87,20,0.0332,3176,37.8,1,0.11,70.36,,0.6934,0.8571,0.7785,0.7835,0.7899,1,0.11
Fornitore 459,9.43,16,0.0155,5267,49.5,0,0.26,71.9,,0.8783,0.8889,0.8984,0.6401,0.7143,0,0.26
Fornitore 460,7.0,32,0.0175,9141,65.4,0,0.14,66.69,,0.9386,0.7619,0.8848,0.3743,0.6115,0,0.14
Fornitore 461,7.0,20,0.0355,2312,60.0,1,0.06,76.01,,0.9386,0.8571,0.7629,0.8428,0.6464,1,0.06
Fornitore 462,22.35,28,0.0232,2304,62.9,1,0.16,63.49,,0.5573,0.7937,0.8462,0.8434,0.6277,1,0.16
Fornitore 463,10.72,39,0.0299,8264,25.0,0,0.27,69.19,,0.8462,0.7063,0.8008,0.4344,0.8727,0,0.27
Fornitore 464,26.68,85,0.145,9023,134.0,0,0.04,26.95,,0.4497,0.3413,0.021,0.3824,0.1681,0,0.04
Fornitore 465,8.91,53,0.0341,8093,58.7,0,0.23,64.73,,0.8912,0.5952,0.7724,0.4462,0.6548,0,0.23
Fornitore 466,11.85,38,0.012,4931,75.9,0,0.2,64.5,,0.8181,0.7143,0.9221,0.6631,0.5436,0,0.2
Fornitore 467,11.73,51,0.0132,1483,57.3,0,0.09,67.16,,0.8211,0.6111,0.914,0.8997,0.6639,0,0.09
Fornitore 468,12.96,39,0.012,4792,63.0,1,0.16,69.82,,0.7906,0.7063,0.9221,0.6727,0.627,1,0.16
Fornitore 469,7.0,22,0.0232,7177,55.8,1,0.33,76.59,,0.9386,0.8413,0.8462,0.509,0.6736,1,0.33
Fornitore 470,8.36,48,0.0263,5577,80.7,1,0.24,70.11,,0.9048,0.6349,0.8252,0.6188,0.5126,1,0.24
Fornitore 471,14.56,56,0.0179,7633,36.9,0,0.14,62.9,,0.7508,0.5714,0.8821,0.4777,0.7957,0,0.14
Fornitore 472,9.69,17,0.0347,1839,36.2,0,0.13,73.06,,0.8718,0.881,0.7683,0.8753,0.8003,0,0.13
Fornitore 473,29.78,126,0.1095,12878,125.8,0,0.02,21.62,,0.3727,0.0159,0.2615,0.1179,0.2211,0,0.02
Fornitore 474,14.55,48,0.0204,2982,75.2,0,0.08,61.02,,0.7511,0.6349,0.8652,0.7968,0.5482,0,0.08
Fornitore 475,9.2,32,0.0244,2554,60.7,1,0.1,74.04,,0.884,0.7619,0.8381,0.8262,0.6419,1,0.1
Fornitore 476,35.59,103,0.1269,14147,157.4,0,0.04,12.45,,0.2283,0.1984,0.1436,0.0308,0.0168,0,0.04
Fornitore 477,27.53,98,0.1147,13850,132.1,0,0.04,24.16,,0.4286,0.2381,0.2263,0.0512,0.1803,0,0.04
Fornitore 478,26.82,127,0.1173,13984,132.2,0,0.02,22.0,,0.4462,0.0079,0.2087,0.042,0.1797,0,0.02
Fornitore 479,20.01,28,0.0238,1915,51.6,0,0.17,62.31,,0.6154,0.7937,0.8421,0.8701,0.7007,0,0.17
Fornitore 480,13.83,22,0.0296,5418,71.3,1,0.21,68.22,,0.7689,0.8413,0.8028,0.6297,0.5734,1,0.21
Fornitore 481,12.28,20,0.0227,2754,53.4,1,0.09,73.14,,0.8075,0.8571,0.8496,0.8125,0.6891,1,0.09
Fornitore 482,10.93,19,0.0359,9329,52.2,1,0.23,70.54,,0.841,0.8651,0.7602,0.3614,0.6968,1,0.23
Fornitore 483,10.64,17,0.0168,4187,57.5,0,0.35,71.29,,0.8482,0.881,0.8896,0.7142,0.6626,0,0.35
Fornitore 484,7.0,22,0.0249,2272,76.4,0,0.39,72.78,,0.9386,0.8413,0.8347,0.8456,0.5404,0,0.39
Fornitore 485,7.66,51,0.0395,3838,62.3,0,0.24,68.16,,0.9222,0.6111,0.7358,0.7381,0.6315,0,0.24
Fornitore 486,11.3,43,0.0378,9150,35.5,0,0.11,64.26,,0.8318,0.6746,0.7473,0.3737,0.8048,0,0.11
Fornitore 487,12.04,53,0.0339,3096,55.0,1,0.26,71.22,,0.8134,0.5952,0.7737,0.789,0.6787,1,0.26
Fornitore 488,15.01,25,0.0309,8587,61.0,1,0.15,65.42,,0.7396,0.8175,0.794,0.4123,0.6399,1,0.15
Fornitore 489,20.09,55,0.0133,1192,72.5,1,0.22,64.11,,0.6134,0.5794,0.9133,0.9197,0.5656,1,0.22
Fornitore 490,11.74,31,0.0347,7798,70.4,1,0.26,67.96,,0.8209,0.7698,0.7683,0.4664,0.5792,1,0.26
Fornitore 491,5.32,3,0.003,396,9.8,1,0.89,97.13,,0.9804,0.9921,0.9831,0.9743,0.9709,1,0.89
Fornitore 492,8.58,22,0.0337,6966,39.6,1,0.37,77.14,,0.8994,0.8413,0.7751,0.5235,0.7783,1,0.37
Fornitore 493,14.47,41,0.0209,6498,73.2,1,0.39,67.56,,0.753,0.6905,0.8618,0.5556,0.5611,1,0.39
Fornitore 494,7.0,56,0.0251,2329,51.9,0,0.07,69.99,,0.9386,0.5714,0.8333,0.8416,0.6988,0,0.07
Fornitore 495,8.64,32,0.037,609,42.7,1,0.16,77.93,,0.8979,0.7619,0.7527,0.9597,0.7582,1,0.16
Fornitore 496,11.44,57,0.0218,8863,53.5,0,0.32,64.08,,0.8283,0.5635,0.8557,0.3933,0.6884,0,0.32
Fornitore 497,7.28,35,0.0205,8776,64.5,1,0.31,73.07,,0.9317,0.7381,0.8645,0.3993,0.6173,1,0.31
Fornitore 498,18.7,27,0.0333,1955,60.0,0,0.21,62.18,,0.648,0.8016,0.7778,0.8673,0.6464,0,0.21
Fornitore 499,6.31,6,0.0042,163,6.6,1,0.88,96.42,,0.9558,0.9683,0.9749,0.9903,0.9916,1,0.88
Fornitore 500,7.4,6,0.0009,400,9.8,1,0.84,94.72,,0.9287,0.9683,0.9973,0.974,0.9709,1,0.84
Fornitore 501,15.39,50,0.0215,5990,64.1,0,0.15,60.13,,0.7302,0.619,0.8577,0.5905,0.6199,0,0.15
Fornitore 502,18.31,19,0.0213,7731,59.7,0,0.12,59.14,,0.6576,0.8651,0.8591,0.471,0.6484,0,0.12
Fornitore 503,10.62,22,0.0318,9146,47.7,0,0.21,66.35,,0.8487,0.8413,0.7879,0.3739,0.7259,0,0.21
Fornitore 504,22.86,108,0.1035,11628,126.3,0,0.02,30.26,,0.5446,0.1587,0.3022,0.2036,0.2178,0,0.02
Fornitore 505,7.39,35,0.0196,5135,49.0,1,0.06,75.04,,0.9289,0.7381,0.8706,0.6491,0.7175,1,0.06
Fornitore 506,42.3,100,0.1096,9149,130.6,0,0.03,14.82,,0.0616,0.2222,0.2608,0.3737,0.19,0,0.03
Fornitore 507,7.61,20,0.028,8295,50.8,1,0.06,73.07,,0.9235,0.8571,0.8137,0.4323,0.7059,1,0.06
Fornitore 508,10.4,54,0.019,5419,55.0,1,0.22,71.59,,0.8542,0.5873,0.8747,0.6296,0.6787,1,0.22
Fornitore 509,29.58,74,0.0626,11153,159.9,0,0.01,25.77,,0.3776,0.4286,0.5793,0.2362,0.0006,0,0.01
Fornitore 510,7.09,56,0.0124,5760,72.4,1,0.34,73.47,,0.9364,0.5714,0.9194,0.6062,0.5663,1,0.34
Fornitore 511,9.67,18,0.0366,4395,53.2,0,0.21,69.72,,0.8723,0.873,0.7554,0.6999,0.6904,0,0.21
Fornitore 512,16.53,29,0.0228,4039,61.0,0,0.15,62.45,,0.7019,0.7857,0.8489,0.7243,0.6399,0,0.15
Fornitore 513,11.91,44,0.0276,1091,48.5,1,0.08,72.89,,0.8166,0.6667,0.8164,0.9266,0.7207,1,0.08
Fornitore 514,10.25,40,0.012,3781,60.4,1,0.32,74.73,,0.8579,0.6984,0.9221,0.742,0.6438,1,0.32
Fornitore 515,8.48,52,0.0317,3198,36.5,1,0.21,76.37,,0.9019,0.6032,0.7886,0.782,0.7983,1,0.21
Fornitore 516,9.07,18,0.0103,4589,72.5,1,0.29,75.2,,0.8872,0.873,0.9336,0.6866,0.5656,1,0.29
Fornitore 517,15.25,36,0.0106,7168,36.9,1,0.31,71.41,,0.7337,0.7302,0.9316,0.5096,0.7957,1,0.31
Fornitore 518,23.38,59,0.0238,4146,47.4,0,0.2,56.23,,0.5317,0.5476,0.8421,0.717,0.7279,0,0.2
Fornitore 519,32.03,79,0.129,9211,142.3,0,0.04,22.65,,0.3168,0.3889,0.1294,0.3695,0.1144,0,0.04
Fornitore 520,12.77,36,0.0197,748,50.8,0,0.27,70.16,,0.7953,0.7302,0.8699,0.9501,0.7059,0,0.27
Fornitore 521,12.43,36,0.0144,1823,75.3,1,0.14,70.6,,0.8037,0.7302,0.9058,0.8764,0.5475,1,0.14
Fornitore 522,11.48,40,0.0229,1193,48.0,1,0.35,76.6,,0.8273,0.6984,0.8482,0.9196,0.724,1,0.35
Fornitore 523,7.48,2,0.0044,141,17.0,1,0.87,94.28,,0.9267,1.0,0.9736,0.9918,0.9244,1,0.87
Fornitore 524,9.21,25,0.0268,4764,49.7,0,0.16,69.93,,0.8837,0.8175,0.8218,0.6746,0.713,0,0.16
Fornitore 525,7.0,51,0.0381,6209,59.5,0,0.39,69.06,,0.9386,0.6111,0.7453,0.5754,0.6496,0,0.39
Fornitore 526,11.88,20,0.0313,3169,49.8,0,0.35,70.68,,0.8174,0.8571,0.7913,0.784,0.7123,0,0.35
Fornitore 527,5.11,8,0.0018,137,11.7,1,0.9,97.02,,0.9856,0.9524,0.9912,0.992,0.9586,1,0.9
Fornitore 528,16.72,54,0.0113,1786,57.1,1,0.12,67.83,,0.6971,0.5873,0.9268,0.8789,0.6652,1,0.12
Fornitore 529,7.0,32,0.0262,4395,45.5,0,0.37,74.23,,0.9386,0.7619,0.8259,0.6999,0.7401,0,0.37
Fornitore 530,11.19,20,0.014,4664,32.9,1,0.12,76.31,,0.8345,0.8571,0.9085,0.6814,0.8216,1,0.12
Fornitore 531,14.08,34,0.0348,8896,60.3,1,0.1,64.63,,0.7627,0.746,0.7676,0.3911,0.6445,1,0.1
Fornitore 532,13.95,38,0.0234,4116,60.4,1,0.17,69.17,,0.766,0.7143,0.8449,0.719,0.6438,1,0.17
Fornitore 533,20.03,18,0.0389,3677,60.2,1,0.14,64.44,,0.6149,0.873,0.7398,0.7492,0.6451,1,0.14
Fornitore 534,21.03,33,0.0263,3087,75.3,1,0.13,61.59,,0.5901,0.754,0.8252,0.7896,0.5475,1,0.13
Fornitore 535,6.58,3,0.0006,194,15.4,1,0.89,95.61,,0.9491,0.9921,0.9993,0.9881,0.9347,1,0.89
Fornitore 536,18.51,17,0.0178,8132,30.3,1,0.25,69.19,,0.6527,0.881,0.8828,0.4435,0.8384,1,0.25
Fornitore 537,13.43,54,0.0225,1297,64.3,1,0.19,70.04,,0.7789,0.5873,0.8509,0.9125,0.6186,1,0.19
Fornitore 538,15.79,53,0.0163,4056,50.5,1,0.22,68.68,,0.7202,0.5952,0.893,0.7232,0.7078,1,0.22
Fornitore 539,13.28,56,0.0314,2728,46.8,1,0.2,70.79,,0.7826,0.5714,0.7907,0.8143,0.7317,1,0.2
Fornitore 540,13.97,38,0.0145,904,29.4,1,0.34,77.66,,0.7655,0.7143,0.9051,0.9394,0.8442,1,0.34
Fornitore 541,9.11,45,0.0352,6330,71.1,1,0.37,71.12,,0.8862,0.6587,0.7649,0.5671,0.5747,1,0.37
Fornitore 542,7.0,36,0.0153,2442,70.8,1,0.25,76.52,,0.9386,0.7302,0.8997,0.8339,0.5766,1,0.25
Fornitore 543,7.0,40,0.0391,6683,30.2,0,0.36,73.03,,0.9386,0.6984,0.7385,0.5429,0.839,0,0.36
Fornitore 544,8.17,52,0.0395,5820,61.8,1,0.32,72.14,,0.9096,0.6032,0.7358,0.6021,0.6348,1,0.32
Fornitore 545,7.83,55,0.0286,8123,58.3,1,0.32,71.81,,0.918,0.5794,0.8096,0.4441,0.6574,1,0.32
Fornitore 546,32.57,83,0.1052,12102,109.2,0,0.04,25.78,,0.3034,0.3571,0.2907,0.1711,0.3284,0,0.04
Fornitore 547,11.54,24,0.0309,4249,62.3,1,0.22,72.03,,0.8258,0.8254,0.794,0.7099,0.6315,1,0.22
Fornitore 548,4.92,9,0.0046,205,10.3,1,1.0,98.05,,0.9903,0.9444,0.9722,0.9874,0.9677,1,1.0
Fornitore 549,10.59,31,0.011,6844,50.0,1,0.34,74.66,,0.8494,0.7698,0.9289,0.5319,0.7111,1,0.34
Fornitore 550,8.54,56,0.0309,4792,40.2,0,0.22,69.58,,0.9004,0.5714,0.794,0.6727,0.7744,0,0.22
Fornitore 551,12.36,25,0.0165,4452,60.3,1,0.08,70.93,,0.8055,0.8175,0.8916,0.696,0.6445,1,0.08
Fornitore 552,17.97,47,0.0116,4430,67.9,1,0.14,64.27,,0.6661,0.6429,0.9248,0.6975,0.5953,1,0.14
Fornitore 553,14.96,39,0.0142,6810,63.1,0,0.1,60.94,,0.7409,0.7063,0.9072,0.5342,0.6264,0,0.1
Fornitore 554,11.26,59,0.0335,1019,57.7,1,0.17,71.63,,0.8328,0.5476,0.7764,0.9315,0.6613,1,0.17
Fornitore 555,5.92,5,0.0012,68,6.2,1,0.85,96.86,,0.9655,0.9762,0.9953,0.9968,0.9942,1,0.85
Fornitore 556,35.09,98,0.0865,11452,131.1,0,0.03,21.17,,0.2407,0.2381,0.4173,0.2157,0.1868,0,0.03
Fornitore 557,9.41,44,0.0136,1826,51.9,1,0.26,76.88,,0.8788,0.6667,0.9112,0.8762,0.6988,1,0.26
Fornitore 558,10.74,16,0.0319,6416,29.5,1,0.36,77.45,,0.8457,0.8889,0.7873,0.5612,0.8436,1,0.36
Fornitore 559,10.66,30,0.0146,3563,63.2,1,0.39,75.48,,0.8477,0.7778,0.9045,0.757,0.6257,1,0.39
Fornitore 560,11.65,38,0.0118,3791,40.3,0,0.33,71.37,,0.8231,0.7143,0.9234,0.7413,0.7738,0,0.33
Fornitore 561,14.04,26,0.0291,1146,47.6,1,0.29,74.55,,0.7637,0.8095,0.8062,0.9228,0.7266,1,0.29
Fornitore 562,28.18,122,0.121,9857,131.0,0,0.02,23.95,,0.4124,0.0476,0.1836,0.3251,0.1875,0,0.02
Fornitore 563,5.76,4,0.0048,33,11.9,1,0.91,96.72,,0.9694,0.9841,0.9709,0.9992,0.9573,1,0.91
Fornitore 564,13.52,15,0.01,1230,43.4,0,0.08,70.55,,0.7766,0.8968,0.9356,0.917,0.7537,0,0.08
Fornitore 565,8.4,29,0.0376,7408,52.3,1,0.35,74.34,,0.9039,0.7857,0.7486,0.4932,0.6962,1,0.35
Fornitore 566,12.14,44,0.0283,4081,65.5,0,0.26,65.2,,0.8109,0.6667,0.8117,0.7214,0.6109,0,0.26
Fornitore 567,9.39,19,0.0278,636,44.6,0,0.3,75.07,,0.8793,0.8651,0.815,0.9578,0.746,0,0.3
Fornitore 568,12.42,22,0.032,5171,73.4,1,0.1,68.08,,0.804,0.8413,0.7866,0.6467,0.5598,1,0.1
Fornitore 569,13.47,59,0.0268,1021,40.1,0,0.08,66.53,,0.7779,0.5476,0.8218,0.9314,0.775,0,0.08
Fornitore 570,29.24,71,0.1337,10603,157.1,0,0.01,22.23,,0.3861,0.4524,0.0976,0.274,0.0187,0,0.01
Fornitore 571,13.69,59,0.0348,6427,45.9,1,0.25,68.04,,0.7724,0.5476,0.7676,0.5605,0.7376,1,0.25
Fornitore 572,14.85,48,0.0398,8837,53.6,0,0.27,60.12,,0.7436,0.6349,0.7337,0.3951,0.6878,0,0.27
Fornitore 573,15.84,23,0.0337,8435,46.6,0,0.1,61.14,,0.719,0.8333,0.7751,0.4227,0.733,0,0.1
Fornitore 574,13.8,39,0.0353,5375,50.0,0,0.26,64.79,,0.7697,0.7063,0.7642,0.6327,0.7111,0,0.26
Fornitore 575,11.86,46,0.0337,6102,63.1,1,0.39,70.14,,0.8179,0.6508,0.7751,0.5828,0.6264,1,0.39
Fornitore 576,33.59,82,0.119,11367,132.8,0,0.02,21.28,,0.278,0.3651,0.1972,0.2215,0.1758,0,0.02
Fornitore 577,7.0,51,0.0228,629,68.9,1,0.06,74.41,,0.9386,0.6111,0.8489,0.9583,0.5889,1,0.06
Fornitore 578,11.4,54,0.0254,3042,83.6,1,0.13,67.32,,0.8293,0.5873,0.8313,0.7927,0.4939,1,0.13
Fornitore 579,17.45,21,0.033,6906,48.3,1,0.1,65.77,,0.679,0.8492,0.7798,0.5276,0.722,1,0.1
Fornitore 580,10.46,18,0.0349,7094,60.1,1,0.36,72.91,,0.8527,0.873,0.7669,0.5147,0.6458,1,0.36
Fornitore 581,12.89,58,0.0363,5162,58.9,1,0.27,68.1,,0.7923,0.5556,0.7575,0.6473,0.6535,1,0.27
Fornitore 582,7.0,29,0.0364,6694,66.2,0,0.11,66.92,,0.9386,0.7857,0.7568,0.5422,0.6063,0,0.11
Fornitore 583,5.55,3,0.0012,215,12.5,1,0.87,96.63,,0.9747,0.9921,0.9953,0.9867,0.9535,1,0.87
Fornitore 584,14.22,16,0.0357,3103,73.1,0,0.19,64.1,,0.7593,0.8889,0.7615,0.7885,0.5617,0,0.19
Fornitore 585,5.07,6,0.0042,376,17.3,1,0.77,94.87,,0.9866,0.9683,0.9749,0.9756,0.9224,1,0.77
Fornitore 586,11.93,17,0.0117,9331,57.1,1,0.19,70.43,,0.8161,0.881,0.9241,0.3612,0.6652,1,0.19
Fornitore 587,10.96,42,0.0365,7288,72.2,1,0.2,67.16,,0.8402,0.6825,0.7561,0.5014,0.5676,1,0.2
Fornitore 588,9.34,55,0.0341,3089,56.5,1,0.28,73.41,,0.8805,0.5794,0.7724,0.7895,0.669,1,0.28
Fornitore 589,7.19,32,0.0235,8496,75.1,0,0.09,64.81,,0.9339,0.7619,0.8442,0.4185,0.5488,0,0.09
Fornitore 590,15.81,52,0.0321,2591,42.8,0,0.12,63.67,,0.7198,0.6032,0.7859,0.8237,0.7576,0,0.12
Fornitore 591,11.16,43,0.0138,9194,58.9,0,0.29,64.76,,0.8353,0.6746,0.9099,0.3706,0.6535,0,0.29
Fornitore 592,6.24,6,0.0042,111,6.8,1,0.91,96.79,,0.9575,0.9683,0.9749,0.9938,0.9903,1,0.91
Fornitore 593,18.52,22,0.0195,1180,33.6,1,0.39,74.41,,0.6524,0.8413,0.8713,0.9205,0.8171,1,0.39
Fornitore 594,8.7,30,0.0301,3816,64.8,1,0.29,74.75,,0.8964,0.7778,0.7995,0.7396,0.6154,1,0.29
Fornitore 595,6.27,4,0.0012,352,5.9,1,0.83,96.28,,0.9568,0.9841,0.9953,0.9773,0.9961,1,0.83
Fornitore 596,13.67,48,0.0244,4889,70.7,0,0.36,63.59,,0.7729,0.6349,0.8381,0.666,0.5772,0,0.36
Fornitore 597,14.85,15,0.0189,1504,39.1,1,0.38,77.16,,0.7436,0.8968,0.8753,0.8983,0.7815,1,0.38
Fornitore 598,15.98,33,0.0268,4069,77.4,0,0.39,62.6,,0.7155,0.754,0.8218,0.7223,0.5339,0,0.39
Fornitore 599,11.09,52,0.0295,2257,59.1,1,0.17,71.57,,0.837,0.6032,0.8035,0.8466,0.6522,1,0.17
Fornitore 600,12.6,36,0.0134,2303,50.8,1,0.29,74.86,,0.7995,0.7302,0.9126,0.8434,0.7059,1,0.29
Fornitore 601,13.76,58,0.017,9392,63.0,0,0.11,58.62,,0.7707,0.5556,0.8882,0.357,0.627,0,0.11
Fornitore 602,10.23,23,0.0395,6689,69.0,1,0.32,71.12,,0.8584,0.8333,0.7358,0.5425,0.5882,1,0.32
Fornitore 603,9.23,50,0.021,3846,49.7,1,0.39,76.25,,0.8832,0.619,0.8611,0.7376,0.713,1,0.39
Fornitore 604,10.56,48,0.0136,9111,56.1,0,0.33,65.71,,0.8502,0.6349,0.9112,0.3763,0.6716,0,0.33
Fornitore 605,12.4,25,0.028,4079,42.0,1,0.27,74.64,,0.8045,0.8175,0.8137,0.7216,0.7628,1,0.27
Fornitore 606,42.44,119,0.1027,14108,145.2,0,0.04,8.47,,0.0581,0.0714,0.3076,0.0335,0.0957,0,0.04
Fornitore 607,10.71,50,0.0371,8498,69.5,0,0.34,62.62,,0.8465,0.619,0.752,0.4184,0.585,0,0.34
Fornitore 608,13.71,48,0.0292,8186,53.2,1,0.18,66.43,,0.7719,0.6349,0.8056,0.4398,0.6904,1,0.18
Fornitore 609,12.94,27,0.0358,609,52.3,1,0.36,75.43,,0.7911,0.8016,0.7608,0.9597,0.6962,1,0.36
Fornitore 610,9.4,19,0.0359,3288,38.0,1,0.29,78.45,,0.879,0.8651,0.7602,0.7758,0.7886,1,0.29
Fornitore 611,15.0,45,0.0336,8655,73.2,0,0.25,58.04,,0.7399,0.6587,0.7757,0.4076,0.5611,0,0.25
Fornitore 612,10.26,39,0.034,589,65.2,1,0.06,72.28,,0.8576,0.7063,0.773,0.961,0.6128,1,0.06
Fornitore 613,15.3,38,0.0291,6172,36.3,0,0.14,64.01,,0.7324,0.7143,0.8062,0.578,0.7996,0,0.14
Fornitore 614,10.32,50,0.0188,4406,64.3,0,0.14,65.68,,0.8561,0.619,0.876,0.6991,0.6186,0,0.14
Fornitore 615,15.47,45,0.0398,2293,54.7,0,0.29,64.37,,0.7282,0.6587,0.7337,0.8441,0.6807,0,0.29
Fornitore 616,15.35,58,0.0323,9021,27.6,1,0.25,67.44,,0.7312,0.5556,0.7846,0.3825,0.8559,1,0.25
Fornitore 617,44.73,126,0.0875,12548,146.7,0,0.04,7.83,,0.0012,0.0159,0.4106,0.1405,0.086,0,0.04
Fornitore 618,8.59,43,0.0183,3238,52.2,1,0.14,75.14,,0.8991,0.6746,0.8794,0.7793,0.6968,1,0.14
Fornitore 619,25.61,121,0.1475,12450,106.4,0,0.03,25.97,,0.4763,0.0556,0.0041,0.1472,0.3465,0,0.03
Fornitore 620,9.62,58,0.022,3970,51.4,0,0.27,68.7,,0.8735,0.5556,0.8543,0.7291,0.702,0,0.27
Fornitore 621,22.17,95,0.1275,11586,140.7,0,0.04,28.64,,0.5617,0.2619,0.1396,0.2065,0.1248,0,0.04
Fornitore 622,14.4,27,0.0328,4164,66.4,1,0.27,69.2,,0.7548,0.8016,0.7812,0.7157,0.605,1,0.27
Fornitore 623,4.83,4,0.0026,149,15.2,1,0.99,97.97,,0.9925,0.9841,0.9858,0.9912,0.936,1,0.99
Fornitore 624,9.24,39,0.0129,952,64.7,1,0.16,75.41,,0.883,0.7063,0.916,0.9361,0.616,1,0.16
Fornitore 625,8.45,37,0.034,2461,40.2,1,0.35,78.86,,0.9026,0.7222,0.773,0.8326,0.7744,1,0.35
Fornitore 626,12.3,25,0.0147,500,35.5,1,0.13,77.53,,0.807,0.8175,0.9038,0.9671,0.8048,1,0.13
Fornitore 627,13.87,24,0.0378,1887,58.8,0,0.37,68.11,,0.768,0.8254,0.7473,0.872,0.6542,0,0.37
Fornitore 628,41.7,127,0.1145,11632,93.8,0,0.0,15.62,,0.0765,0.0079,0.2276,0.2034,0.4279,0,0.0
Fornitore 629,34.19,81,0.1196,14255,119.8,0,0.0,20.3,,0.2631,0.373,0.1931,0.0234,0.2599,0,0.0
Fornitore 630,15.52,30,0.0357,9258,25.0,1,0.23,69.25,,0.727,0.7778,0.7615,0.3662,0.8727,1,0.23
Fornitore 631,37.95,107,0.1155,10701,97.5,0,0.04,20.97,,0.1697,0.1667,0.2209,0.2672,0.404,0,0.04
Fornitore 632,11.99,56,0.0256,9018,57.2,1,0.16,66.24,,0.8147,0.5714,0.8299,0.3827,0.6645,1,0.16
Fornitore 633,7.55,20,0.032,8512,52.7,1,0.22,74.06,,0.925,0.8571,0.7866,0.4174,0.6936,1,0.22
Fornitore 634,11.05,40,0.0204,6020,50.7,1,0.37,73.68,,0.838,0.6984,0.8652,0.5884,0.7065,1,0.37
Fornitore 635,7.35,5,0.003,121,9.9,1,0.91,95.58,,0.9299,0.9762,0.9831,0.9931,0.9703,1,0.91
Fornitore 636,16.86,46,0.0189,3742,82.3,1,0.21,64.13,,0.6937,0.6508,0.8753,0.7447,0.5023,1,0.21
Fornitore 637,7.9,47,0.0299,851,56.6,1,0.16,75.91,,0.9163,0.6429,0.8008,0.9431,0.6684,1,0.16
Fornitore 638,28.39,113,0.0951,11894,108.2,0,0.02,27.78,,0.4072,0.119,0.3591,0.1854,0.3348,0,0.02
Fornitore 639,7.0,49,0.0177,4358,49.4,1,0.29,77.18,,0.9386,0.627,0.8835,0.7024,0.7149,1,0.29
Fornitore 640,39.25,112,0.1226,11492,98.7,0,0.02,18.06,,0.1374,0.127,0.1728,0.213,0.3963,0,0.02
Fornitore 641,15.26,16,0.038,3115,45.2,1,0.19,71.64,,0.7334,0.8889,0.7459,0.7877,0.7421,1,0.19
Fornitore 642,15.22,31,0.0162,7600,75.0,0,0.15,59.63,,0.7344,0.7698,0.8936,0.48,0.5495,0,0.15
Fornitore 643,7.0,27,0.0129,3326,76.2,1,0.3,76.59,,0.9386,0.8016,0.916,0.7732,0.5417,1,0.3
Fornitore 644,29.57,89,0.0833,13791,147.3,0,0.02,23.11,,0.3779,0.3095,0.439,0.0552,0.0821,0,0.02
Fornitore 645,21.11,53,0.0276,9121,72.6,1,0.4,58.76,,0.5881,0.5952,0.8164,0.3756,0.565,1,0.4
Fornitore 646,10.2,32,0.0119,8301,73.8,1,0.33,70.68,,0.8591,0.7619,0.9228,0.4319,0.5572,1,0.33
Fornitore 647,33.78,88,0.141,10467,147.7,0,0.04,18.04,,0.2733,0.3175,0.0481,0.2833,0.0795,0,0.04
Fornitore 648,5.01,9,0.0029,315,13.4,1,0.85,96.11,,0.9881,0.9444,0.9837,0.9798,0.9476,1,0.85
Fornitore 649,7.0,18,0.0102,6552,79.3,0,0.16,68.48,,0.9386,0.873,0.9343,0.5519,0.5217,0,0.16
Fornitore 650,7.36,3,0.0048,163,6.5,1,0.94,96.32,,0.9297,0.9921,0.9709,0.9903,0.9922,1,0.94
Fornitore 651,13.19,43,0.0369,6123,81.5,1,0.38,66.51,,0.7848,0.6746,0.7534,0.5813,0.5074,1,0.38
Fornitore 652,5.33,9,0.0036,302,7.0,1,0.97,97.82,,0.9801,0.9444,0.979,0.9807,0.989,1,0.97
Fornitore 653,7.17,6,0.0048,88,17.3,1,0.86,94.1,,0.9344,0.9683,0.9709,0.9954,0.9224,1,0.86
Fornitore 654,14.75,19,0.0186,1864,47.2,1,0.22,74.06,,0.7461,0.8651,0.8774,0.8736,0.7292,1,0.22
Fornitore 655,23.1,76,0.0776,11035,102.6,0,0.05,38.12,,0.5386,0.4127,0.4776,0.2443,0.371,0,0.05
Fornitore 656,6.06,2,0.0014,136,13.1,1,0.98,97.32,,0.962,1.0,0.9939,0.9921,0.9496,1,0.98
Fornitore 657,17.08,43,0.0306,3925,25.0,0,0.39,67.47,,0.6882,0.6746,0.7961,0.7321,0.8727,0,0.39
Fornitore 658,43.64,75,0.1304,10364,129.5,0,0.02,13.44,,0.0283,0.4206,0.1199,0.2904,0.1972,0,0.02
Fornitore 659,17.13,33,0.0172,9029,50.0,1,0.32,66.7,,0.687,0.754,0.8869,0.382,0.7111,1,0.32
Fornitore 660,38.32,97,0.1269,14353,160.0,0,0.02,9.88,,0.1605,0.246,0.1436,0.0167,0.0,0,0.02
Fornitore 661,9.78,17,0.0103,6022,32.1,1,0.32,79.2,,0.8696,0.881,0.9336,0.5883,0.8268,1,0.32
Fornitore 662,7.88,2,0.0006,182,6.4,1,0.89,95.73,,0.9168,1.0,0.9993,0.989,0.9929,1,0.89
Fornitore 663,39.82,72,0.1453,9930,155.5,0,0.0,12.73,,0.1232,0.4444,0.019,0.3201,0.0291,0,0.0
Fornitore 664,23.03,40,0.0304,8558,37.9,1,0.29,61.7,,0.5404,0.6984,0.7974,0.4143,0.7893,1,0.29
Fornitore 665,12.39,23,0.0194,5662,77.9,1,0.25,69.46,,0.8047,0.8333,0.872,0.613,0.5307,1,0.25
Fornitore 666,12.76,50,0.0331,2934,69.3,0,0.31,64.65,,0.7955,0.619,0.7791,0.8001,0.5863,0,0.31
Fornitore 667,15.34,35,0.0121,9003,27.5,1,0.11,69.26,,0.7314,0.7381,0.9214,0.3837,0.8565,1,0.11
Fornitore 668,9.29,31,0.021,5101,77.7,0,0.07,65.02,,0.8817,0.7698,0.8611,0.6515,0.532,0,0.07
Fornitore 669,19.52,59,0.0372,6499,70.6,1,0.31,60.17,,0.6276,0.5476,0.7514,0.5555,0.5779,1,0.31
Fornitore 670,12.77,33,0.011,2726,40.3,0,0.29,71.18,,0.7953,0.754,0.9289,0.8144,0.7738,0,0.29
Fornitore 671,8.81,38,0.0121,8787,72.7,1,0.25,70.41,,0.8937,0.7143,0.9214,0.3986,0.5643,1,0.25
Fornitore 672,10.66,40,0.0293,603,74.6,0,0.39,69.24,,0.8477,0.6984,0.8049,0.9601,0.552,0,0.39
Fornitore 673,13.21,49,0.0354,2842,50.8,1,0.3,71.54,,0.7843,0.627,0.7636,0.8064,0.7059,1,0.3
Fornitore 674,11.13,40,0.0233,6113,49.4,0,0.25,67.32,,0.836,0.6984,0.8455,0.582,0.7149,0,0.25
Fornitore 675,15.51,42,0.0146,1062,76.6,0,0.39,65.29,,0.7272,0.6825,0.9045,0.9286,0.5391,0,0.39
Fornitore 676,14.95,19,0.0127,4464,42.9,1,0.27,73.55,,0.7411,0.8651,0.9173,0.6952,0.7569,1,0.27
Fornitore 677,13.89,43,0.0331,8113,65.5,1,0.25,65.57,,0.7675,0.6746,0.7791,0.4448,0.6109,1,0.25
Fornitore 678,12.69,18,0.0325,4433,56.7,1,0.3,72.79,,0.7973,0.873,0.7832,0.6973,0.6677,1,0.3
Fornitore 679,34.82,128,0.0906,11405,144.5,0,0.05,17.25,,0.2475,0.0,0.3896,0.2189,0.1002,0,0.05
Fornitore 680,14.56,59,0.0121,3058,79.0,0,0.19,61.26,,0.7508,0.5476,0.9214,0.7916,0.5236,0,0.19
Fornitore 681,13.29,49,0.0134,2878,78.5,0,0.25,63.86,,0.7824,0.627,0.9126,0.804,0.5268,0,0.25
Fornitore 682,7.29,3,0.0011,113,5.3,1,0.8,95.42,,0.9314,0.9921,0.9959,0.9937,1.0,1,0.8
Fornitore 683,22.74,53,0.0362,4348,43.6,1,0.32,62.98,,0.5476,0.5952,0.7581,0.7031,0.7524,1,0.32
Fornitore 684,10.62,58,0.0368,6232,61.3,1,0.26,68.9,,0.8487,0.5556,0.7541,0.5739,0.638,1,0.26
Fornitore 685,7.88,7,0.0036,330,13.1,1,0.93,94.56,,0.9168,0.9603,0.979,0.9788,0.9496,1,0.93
Fornitore 686,13.34,27,0.0261,9103,25.0,1,0.07,70.54,,0.7811,0.8016,0.8266,0.3769,0.8727,1,0.07
Fornitore 687,8.56,34,0.0134,9058,47.5,0,0.38,70.23,,0.8999,0.746,0.9126,0.38,0.7272,0,0.38
Fornitore 688,17.01,47,0.0275,1520,65.7,0,0.16,61.51,,0.6899,0.6429,0.8171,0.8972,0.6096,0,0.16
Fornitore 689,16.63,40,0.0383,934,69.9,1,0.3,67.92,,0.6994,0.6984,0.7439,0.9374,0.5824,1,0.3
Fornitore 690,14.94,43,0.0267,9171,67.1,1,0.32,64.85,,0.7414,0.6746,0.8225,0.3722,0.6005,1,0.32
Fornitore 691,13.25,40,0.0211,7141,83.5,1,0.14,64.41,,0.7834,0.6984,0.8604,0.5115,0.4945,1,0.14
Fornitore 692,19.21,37,0.0206,3520,73.8,1,0.14,63.24,,0.6353,0.7222,0.8638,0.7599,0.5572,1,0.14
Fornitore 693,17.88,48,0.0318,6092,53.9,1,0.2,64.17,,0.6683,0.6349,0.7879,0.5835,0.6858,1,0.2
Fornitore 694,14.13,50,0.0193,4630,58.3,1,0.1,67.55,,0.7615,0.619,0.8726,0.6838,0.6574,1,0.1
Fornitore 695,5.76,3,0.0041,225,12.2,1,0.88,96.37,,0.9694,0.9921,0.9756,0.986,0.9554,1,0.88
Fornitore 696,7.0,53,0.0354,971,45.0,1,0.08,76.46,,0.9386,0.5952,0.7636,0.9348,0.7434,1,0.08
Fornitore 697,15.12,16,0.0133,7670,46.1,0,0.16,64.89,,0.7369,0.8889,0.9133,0.4752,0.7363,0,0.16
Fornitore 698,13.73,58,0.0318,4936,25.0,1,0.08,70.32,,0.7714,0.5556,0.7879,0.6628,0.8727,1,0.08
Fornitore 699,13.83,37,0.0328,9296,37.4,1,0.36,70.03,,0.7689,0.7222,0.7812,0.3636,0.7925,1,0.36
Fornitore 700,13.5,46,0.032,7395,39.8,0,0.09,62.95,,0.7771,0.6508,0.7866,0.4941,0.777,0,0.09
Fornitore 701,12.22,27,0.034,6666,42.7,0,0.13,65.96,,0.8089,0.8016,0.773,0.5441,0.7582,0,0.13
Fornitore 702,11.16,39,0.0114,4265,65.2,1,0.25,72.4,,0.8353,0.7063,0.9262,0.7088,0.6128,1,0.25
Fornitore 703,5.21,4,0.0033,163,12.5,1,0.76,95.63,,0.9831,0.9841,0.981,0.9903,0.9535,1,0.76
Fornitore 704,12.85,49,0.0262,5914,49.3,0,0.28,65.36,,0.7933,0.627,0.8259,0.5957,0.7156,0,0.28
Fornitore 705,6.84,4,0.0011,134,17.8,1,0.85,94.6,,0.9426,0.9841,0.9959,0.9922,0.9192,1,0.85
Fornitore 706,19.25,59,0.0332,2175,48.5,1,0.16,65.0,,0.6343,0.5476,0.7785,0.8522,0.7207,1,0.16
Fornitore 707,7.22,31,0.021,7281,71.6,0,0.29,68.32,,0.9332,0.7698,0.8611,0.5019,0.5714,0,0.29
Fornitore 708,7.55,27,0.0158,1786,33.7,1,0.08,80.27,,0.925,0.8016,0.8963,0.8789,0.8164,1,0.08
Fornitore 709,13.73,44,0.0362,2678,51.9,1,0.39,72.3,,0.7714,0.6667,0.7581,0.8177,0.6988,1,0.39
Fornitore 710,43.52,123,0.1007,14240,146.5,0,0.04,7.09,,0.0313,0.0397,0.3211,0.0244,0.0873,0,0.04
Fornitore 711,16.56,56,0.0177,7746,43.0,1,0.34,67.31,,0.7011,0.5714,0.8835,0.47,0.7563,1,0.34
Fornitore 712,11.92,22,0.0128,2348,42.1,1,0.31,77.9,,0.8164,0.8413,0.9167,0.8403,0.7621,1,0.31
Fornitore 713,9.63,36,0.0123,1180,62.8,0,0.05,69.34,,0.8733,0.7302,0.9201,0.9205,0.6283,0,0.05
Fornitore 714,13.36,20,0.0355,1416,51.4,0,0.3,69.6,,0.7806,0.8571,0.7629,0.9043,0.702,0,0.3
Fornitore 715,7.64,36,0.0366,6318,64.9,1,0.15,71.62,,0.9227,0.7302,0.7554,0.568,0.6147,1,0.15
Fornitore 716,14.39,44,0.0231,5931,75.0,1,0.08,64.3,,0.755,0.6667,0.8469,0.5945,0.5495,1,0.08
Fornitore 717,7.0,39,0.0117,6139,71.6,1,0.15,72.89,,0.9386,0.7063,0.9241,0.5802,0.5714,1,0.15
Fornitore 718,7.56,8,0.0008,98,14.0,1,0.97,95.39,,0.9247,0.9524,0.998,0.9947,0.9438,1,0.97
Fornitore 719,7.0,40,0.0214,8343,49.4,1,0.3,75.01,,0.9386,0.6984,0.8584,0.429,0.7149,1,0.3
Fornitore 720,13.24,27,0.0139,7141,38.5,0,0.39,69.26,,0.7836,0.8016,0.9092,0.5115,0.7854,0,0.39
Fornitore 721,41.71,65,0.1412,11295,100.4,0,0.03,18.41,,0.0763,0.5,0.0467,0.2265,0.3853,0,0.03
Fornitore 722,13.11,16,0.012,2677,46.7,0,0.38,72.27,,0.7868,0.8889,0.9221,0.8178,0.7324,0,0.38
Fornitore 723,18.48,42,0.0393,6554,47.4,0,0.14,58.54,,0.6534,0.6825,0.7371,0.5518,0.7279,0,0.14
Fornitore 724,10.96,35,0.0345,6303,60.0,1,0.12,69.3,,0.8402,0.7381,0.7696,0.569,0.6464,1,0.12
Fornitore 725,15.9,38,0.0148,3536,54.6,0,0.21,64.6,,0.7175,0.7143,0.9031,0.7588,0.6813,0,0.21
Fornitore 726,7.0,25,0.0148,9330,66.3,0,0.25,68.28,,0.9386,0.8175,0.9031,0.3613,0.6057,0,0.25
Fornitore 727,18.11,17,0.0238,5094,83.0,1,0.3,64.9,,0.6626,0.881,0.8421,0.6519,0.4977,1,0.3
Fornitore 728,14.43,24,0.0336,2534,64.6,1,0.21,70.11,,0.754,0.8254,0.7757,0.8276,0.6167,1,0.21
Fornitore 729,16.83,31,0.0304,5182,32.9,0,0.38,66.67,,0.6944,0.7698,0.7974,0.6459,0.8216,0,0.38
Fornitore 730,7.0,43,0.0296,763,67.4,1,0.3,77.09,,0.9386,0.6746,0.8028,0.9491,0.5986,1,0.3
Fornitore 731,10.6,25,0.0201,7349,60.0,1,0.28,72.27,,0.8492,0.8175,0.8672,0.4972,0.6464,1,0.28
Fornitore 732,9.51,26,0.0235,7316,72.2,1,0.39,72.45,,0.8763,0.8095,0.8442,0.4995,0.5676,1,0.39
Fornitore 733,42.98,113,0.0752,9250,93.5,0,0.02,20.16,,0.0447,0.119,0.4939,0.3668,0.4299,0,0.02
Fornitore 734,9.69,32,0.0371,8927,45.1,0,0.27,67.1,,0.8718,0.7619,0.752,0.389,0.7427,0,0.27
Fornitore 735,44.54,114,0.1205,13346,120.4,0,0.02,9.37,,0.006,0.1111,0.187,0.0858,0.256,0,0.02
Fornitore 736,6.73,2,0.0007,143,12.3,1,0.81,95.18,,0.9453,1.0,0.9986,0.9916,0.9548,1,0.81
Fornitore 737,6.07,7,0.0037,77,15.1,1,0.87,95.44,,0.9617,0.9603,0.9783,0.9962,0.9367,1,0.87
Fornitore 738,10.49,54,0.0143,6733,39.9,1,0.16,72.28,,0.8519,0.5873,0.9065,0.5395,0.7763,1,0.16
Fornitore 739,12.79,15,0.0189,6543,46.8,0,0.24,68.1,,0.7948,0.8968,0.8753,0.5525,0.7317,0,0.24
Fornitore 740,12.52,30,0.0141,2836,66.1,0,0.25,67.62,,0.8015,0.7778,0.9079,0.8069,0.607,0,0.25
Fornitore 741,14.74,25,0.0183,2171,71.0,1,0.18,69.92,,0.7463,0.8175,0.8794,0.8525,0.5753,1,0.18
Fornitore 742,15.33,19,0.0227,697,55.4,0,0.38,69.61,,0.7317,0.8651,0.8496,0.9536,0.6761,0,0.38
Fornitore 743,14.39,21,0.0346,6556,84.3,1,0.12,64.11,,0.755,0.8492,0.769,0.5516,0.4893,1,0.12
Fornitore 744,43.18,126,0.0833,11574,102.2,0,0.03,15.79,,0.0398,0.0159,0.439,0.2073,0.3736,0,0.03
Fornitore 745,12.83,44,0.0298,8054,68.0,0,0.38,62.65,,0.7938,0.6667,0.8015,0.4489,0.5947,0,0.38
Fornitore 746,19.18,35,0.0371,7258,43.4,1,0.12,63.47,,0.636,0.7381,0.752,0.5035,0.7537,1,0.12
Fornitore 747,34.43,110,0.0857,12127,102.3,0,0.03,24.11,,0.2571,0.1429,0.4228,0.1694,0.373,0,0.03
Fornitore 748,8.6,22,0.0206,5345,53.3,0,0.4,72.65,,0.8989,0.8413,0.8638,0.6347,0.6897,0,0.4
Fornitore 749,7.92,8,0.0005,212,11.3,1,0.95,95.17,,0.9158,0.9524,1.0,0.9869,0.9612,1,0.95
Fornitore 750,23.49,67,0.1393,12358,94.4,0,0.02,34.16,,0.5289,0.4841,0.0596,0.1536,0.424,0,0.02
Fornitore 751,18.87,52,0.0191,3506,29.0,1,0.34,70.25,,0.6437,0.6032,0.874,0.7609,0.8468,1,0.34
Fornitore 752,6.05,8,0.0039,287,15.4,1,0.98,96.28,,0.9622,0.9524,0.977,0.9817,0.9347,1,0.98
Fornitore 753,10.2,33,0.0374,2735,25.4,0,0.33,73.95,,0.8591,0.754,0.75,0.8138,0.8701,0,0.33
Fornitore 754,13.87,20,0.0229,1992,73.0,0,0.17,65.53,,0.768,0.8571,0.8482,0.8648,0.5624,0,0.17
Fornitore 755,31.11,121,0.0651,10310,136.7,0,0.05,24.52,,0.3396,0.0556,0.5623,0.2941,0.1506,0,0.05
Fornitore 756,9.18,37,0.0375,1651,54.0,0,0.23,70.56,,0.8845,0.7222,0.7493,0.8882,0.6852,0,0.23
Fornitore 757,7.0,46,0.0353,2408,51.5,1,0.2,76.39,,0.9386,0.6508,0.7642,0.8362,0.7014,1,0.2
Fornitore 758,5.08,7,0.0023,173,7.0,1,0.78,96.48,,0.9863,0.9603,0.9878,0.9896,0.989,1,0.78
Fornitore 759,12.37,21,0.0239,1567,57.5,1,0.29,75.18,,0.8052,0.8492,0.8415,0.8939,0.6626,1,0.29
Fornitore 760,8.35,20,0.0297,4185,27.0,0,0.28,75.41,,0.9051,0.8571,0.8022,0.7143,0.8597,0,0.28
Fornitore 761,12.74,18,0.0252,9104,44.2,1,0.17,70.36,,0.796,0.873,0.8327,0.3768,0.7485,1,0.17
Fornitore 762,17.14,30,0.0242,2324,58.1,1,0.37,70.5,,0.6867,0.7778,0.8394,0.842,0.6587,1,0.37
Fornitore 763,12.68,31,0.0332,8689,40.3,1,0.17,69.62,,0.7975,0.7698,0.7785,0.4053,0.7738,1,0.17
Fornitore 764,6.09,5,0.0041,391,11.5,1,0.84,95.5,,0.9612,0.9762,0.9756,0.9746,0.9599,1,0.84
Fornitore 765,7.52,55,0.0264,3110,60.2,0,0.28,70.02,,0.9257,0.5794,0.8245,0.7881,0.6451,0,0.28
Fornitore 766,7.0,43,0.0368,5891,69.6,0,0.33,68.1,,0.9386,0.6746,0.7541,0.5973,0.5844,0,0.33
Fornitore 767,16.34,36,0.0272,1708,34.0,0,0.23,67.66,,0.7066,0.7302,0.8191,0.8843,0.8145,0,0.23
Fornitore 768,23.34,95,0.1187,14333,155.2,0,0.01,24.16,,0.5327,0.2619,0.1992,0.018,0.031,0,0.01
Fornitore 769,6.01,4,0.0007,118,17.6,1,0.93,96.18,,0.9632,0.9841,0.9986,0.9933,0.9205,1,0.93
Fornitore 770,9.89,24,0.0293,3896,95.0,0,0.19,64.29,,0.8668,0.8254,0.8049,0.7341,0.4202,0,0.19
Fornitore 771,16.82,24,0.0192,6478,56.4,0,0.27,62.97,,0.6947,0.8254,0.8733,0.557,0.6697,0,0.27
Fornitore 772,8.06,48,0.0311,9185,76.0,0,0.34,64.18,,0.9123,0.6349,0.7927,0.3713,0.543,0,0.34
Fornitore 773,11.26,28,0.0198,658,25.5,1,0.36,81.33,,0.8328,0.7937,0.8692,0.9563,0.8694,1,0.36
Fornitore 774,11.58,33,0.0172,5168,58.8,0,0.07,65.53,,0.8248,0.754,0.8869,0.6469,0.6542,0,0.07
Fornitore 775,15.35,28,0.0174,8671,62.6,1,0.39,67.94,,0.7312,0.7937,0.8855,0.4065,0.6296,1,0.39
Fornitore 776,6.08,5,0.0044,325,16.6,1,0.82,94.68,,0.9615,0.9762,0.9736,0.9791,0.927,1,0.82
Fornitore 777,19.29,22,0.0341,1334,43.5,0,0.15,63.96,,0.6333,0.8413,0.7724,0.9099,0.7531,0,0.15
Fornitore 778,13.79,34,0.023,6224,52.9,1,0.29,70.37,,0.7699,0.746,0.8476,0.5744,0.6923,1,0.29
Fornitore 779,14.28,31,0.0294,4619,52.3,1,0.22,70.23,,0.7578,0.7698,0.8042,0.6845,0.6962,1,0.22
Fornitore 780,14.57,42,0.0215,6051,40.0,0,0.29,65.95,,0.7506,0.6825,0.8577,0.5863,0.7757,0,0.29
Fornitore 781,12.0,33,0.0362,1115,69.0,1,0.24,72.04,,0.8144,0.754,0.7581,0.9249,0.5882,1,0.24
Fornitore 782,11.87,55,0.0173,3492,73.2,0,0.32,65.31,,0.8176,0.5794,0.8862,0.7619,0.5611,0,0.32
Fornitore 783,18.84,34,0.0352,2293,26.2,0,0.32,66.61,,0.6445,0.746,0.7649,0.8441,0.8649,0,0.32
Fornitore 784,15.99,52,0.0209,2677,46.0,0,0.18,64.4,,0.7153,0.6032,0.8618,0.8178,0.7369,0,0.18
Fornitore 785,9.46,25,0.0382,4395,55.8,0,0.33,70.1,,0.8775,0.8175,0.7446,0.6999,0.6736,0,0.33
Fornitore 786,10.61,34,0.039,1417,49.0,1,0.26,75.56,,0.8489,0.746,0.7392,0.9042,0.7175,1,0.26
Fornitore 787,44.78,103,0.1035,10703,138.2,0,0.04,10.9,,0.0,0.1984,0.3022,0.2671,0.1409,0,0.04
Fornitore 788,4.81,7,0.0033,207,5.4,1,0.89,97.93,,0.993,0.9603,0.981,0.9872,0.9994,1,0.89
Fornitore 789,7.0,29,0.0238,5735,51.7,1,0.16,75.81,,0.9386,0.7857,0.8421,0.608,0.7001,1,0.16
Fornitore 790,7.0,25,0.0249,9165,62.0,0,0.37,69.47,,0.9386,0.8175,0.8347,0.3726,0.6335,0,0.37
Fornitore 791,10.55,54,0.0273,5352,45.4,1,0.25,72.48,,0.8504,0.5873,0.8184,0.6342,0.7408,1,0.25
Fornitore 792,7.32,21,0.0323,2291,45.8,1,0.31,80.22,,0.9307,0.8492,0.7846,0.8443,0.7382,1,0.31
Fornitore 793,28.17,80,0.0911,12298,98.7,0,0.01,31.72,,0.4127,0.381,0.3862,0.1577,0.3963,0,0.01
Fornitore 794,41.09,109,0.0907,13756,108.5,0,0.01,15.94,,0.0917,0.1508,0.3889,0.0576,0.3329,0,0.01
Fornitore 795,28.29,101,0.1227,10578,151.8,0,0.04,22.42,,0.4097,0.2143,0.1721,0.2757,0.053,0,0.04
Fornitore 796,13.4,45,0.0326,5440,70.1,0,0.08,60.4,,0.7796,0.6587,0.7825,0.6282,0.5811,0,0.08
Fornitore 797,5.24,9,0.0028,40,8.2,1,0.84,96.68,,0.9824,0.9444,0.9844,0.9987,0.9813,1,0.84
Fornitore 798,6.26,5,0.0048,286,15.2,1,0.94,95.9,,0.957,0.9762,0.9709,0.9818,0.936,1,0.94
Fornitore 799,11.41,21,0.0368,4388,44.9,0,0.26,69.54,,0.8291,0.8492,0.7541,0.7004,0.744,0,0.26
Fornitore 800,5.94,7,0.0047,98,8.9,1,0.86,96.17,,0.965,0.9603,0.9715,0.9947,0.9767,1,0.86
Fornitore 801,10.55,26,0.0207,5080,55.2,0,0.07,67.27,,0.8504,0.8095,0.8631,0.6529,0.6774,0,0.07
Fornitore 802,32.13,119,0.1292,12660,103.2,0,0.04,22.07,,0.3143,0.0714,0.128,0.1328,0.3672,0,0.04
Fornitore 803,15.58,15,0.0303,9024,47.9,1,0.34,69.06,,0.7255,0.8968,0.7981,0.3823,0.7246,1,0.34
Fornitore 804,16.71,17,0.0211,3712,59.9,1,0.14,68.63,,0.6974,0.881,0.8604,0.7468,0.6471,1,0.14
Fornitore 805,10.49,43,0.0124,1676,46.6,1,0.26,76.88,,0.8519,0.6746,0.9194,0.8864,0.733,1,0.26
Fornitore 806,14.52,49,0.0324,2003,42.9,1,0.19,71.1,,0.7518,0.627,0.7839,0.864,0.7569,1,0.19
Fornitore 807,16.2,35,0.0159,2778,63.8,1,0.28,69.54,,0.7101,0.7381,0.8957,0.8108,0.6218,1,0.28
Fornitore 808,15.13,47,0.0261,3639,76.5,1,0.16,65.39,,0.7366,0.6429,0.8266,0.7518,0.5398,1,0.16
Fornitore 809,9.45,34,0.0146,6467,57.4,0,0.32,69.27,,0.8778,0.746,0.9045,0.5577,0.6632,0,0.32
Fornitore 810,7.62,44,0.016,1545,61.7,0,0.14,70.99,,0.9232,0.6667,0.895,0.8954,0.6354,0,0.14
Fornitore 811,15.84,58,0.0104,6449,31.6,0,0.1,63.24,,0.719,0.5556,0.9329,0.559,0.83,0,0.1
Fornitore 812,8.94,59,0.0353,6864,48.0,1,0.06,69.67,,0.8904,0.5476,0.7642,0.5305,0.724,1,0.06
Fornitore 813,22.79,58,0.0256,6841,42.9,0,0.15,54.93,,0.5463,0.5556,0.8299,0.5321,0.7569,0,0.15
Fornitore 814,6.69,8,0.0021,307,16.8,1,0.93,95.15,,0.9463,0.9524,0.9892,0.9804,0.9257,1,0.93
Fornitore 815,5.62,4,0.0027,95,7.7,1,0.93,97.68,,0.9729,0.9841,0.9851,0.9949,0.9845,1,0.93
Fornitore 816,6.62,4,0.0035,290,6.8,1,0.99,97.34,,0.9481,0.9841,0.9797,0.9815,0.9903,1,0.99
Fornitore 817,36.46,117,0.0994,12177,118.0,0,0.0,18.5,,0.2067,0.0873,0.3299,0.166,0.2715,0,0.0
Fornitore 818,7.0,34,0.0347,7095,56.2,0,0.1,67.56,,0.9386,0.746,0.7683,0.5146,0.671,0,0.1
Fornitore 819,7.0,19,0.0377,4851,45.7,1,0.32,78.64,,0.9386,0.8651,0.748,0.6686,0.7388,1,0.32
Fornitore 820,11.2,43,0.013,8789,46.6,1,0.34,72.14,,0.8343,0.6746,0.9153,0.3984,0.733,1,0.34
Fornitore 821,9.33,26,0.0281,6835,28.9,1,0.2,76.32,,0.8807,0.8095,0.813,0.5325,0.8474,1,0.2
Fornitore 822,10.0,35,0.0306,5398,39.0,1,0.24,74.94,,0.8641,0.7381,0.7961,0.6311,0.7822,1,0.24
Fornitore 823,15.82,56,0.0394,6811,66.0,1,0.06,61.35,,0.7195,0.5714,0.7364,0.5341,0.6076,1,0.06
Fornitore 824,11.06,57,0.0209,8447,72.2,1,0.22,66.35,,0.8378,0.5635,0.8618,0.4219,0.5676,1,0.22
Fornitore 825,20.36,29,0.0245,2664,66.7,1,0.13,64.01,,0.6067,0.7857,0.8374,0.8187,0.6031,1,0.13
Fornitore 826,13.52,19,0.0241,7331,50.6,0,0.27,66.06,,0.7766,0.8651,0.8401,0.4985,0.7072,0,0.27
Fornitore 827,6.21,5,0.001,128,10.1,1,0.76,95.18,,0.9583,0.9762,0.9966,0.9927,0.969,1,0.76
Fornitore 828,14.56,38,0.0122,4970,65.4,0,0.07,62.16,,0.7508,0.7143,0.9207,0.6604,0.6115,0,0.07
Fornitore 829,7.22,46,0.0245,7638,42.8,1,0.05,72.97,,0.9332,0.6508,0.8374,0.4774,0.7576,1,0.05
Fornitore 830,8.18,32,0.0275,5320,41.2,0,0.37,73.04,,0.9093,0.7619,0.8171,0.6364,0.7679,0,0.37
Fornitore 831,17.92,42,0.0231,9063,45.8,1,0.25,64.71,,0.6673,0.6825,0.8469,0.3796,0.7382,1,0.25
Fornitore 832,12.36,33,0.012,1076,49.3,1,0.2,75.54,,0.8055,0.754,0.9221,0.9276,0.7156,1,0.2
Fornitore 833,6.71,8,0.0042,28,6.9,1,0.86,95.76,,0.9458,0.9524,0.9749,0.9995,0.9897,1,0.86
Fornitore 834,11.55,42,0.0152,6863,71.2,0,0.35,65.01,,0.8256,0.6825,0.9004,0.5306,0.574,0,0.35
Fornitore 835,11.56,28,0.0274,3613,71.0,0,0.36,67.64,,0.8253,0.7937,0.8178,0.7536,0.5753,0,0.36
Fornitore 836,9.99,24,0.0143,3131,35.5,1,0.16,78.13,,0.8643,0.8254,0.9065,0.7866,0.8048,1,0.16
Fornitore 837,11.46,29,0.0356,1412,54.8,0,0.12,68.3,,0.8278,0.7857,0.7622,0.9046,0.68,0,0.12
Fornitore 838,37.27,123,0.1273,10675,110.1,0,0.01,17.58,,0.1866,0.0397,0.1409,0.269,0.3226,0,0.01
Fornitore 839,13.62,23,0.0113,6124,56.3,0,0.28,66.72,,0.7742,0.8333,0.9268,0.5813,0.6703,0,0.28
Fornitore 840,19.16,59,0.0115,8046,57.9,1,0.37,63.4,,0.6365,0.5476,0.9255,0.4494,0.66,1,0.37
Fornitore 841,14.81,34,0.0319,5754,72.4,0,0.36,62.39,,0.7446,0.746,0.7873,0.6067,0.5663,0,0.36
Fornitore 842,11.76,24,0.0182,7149,50.2,0,0.12,66.27,,0.8204,0.8254,0.8801,0.5109,0.7098,0,0.12
Fornitore 843,14.46,37,0.0385,5879,58.4,0,0.39,64.03,,0.7533,0.7222,0.7425,0.5981,0.6568,0,0.39
Fornitore 844,12.52,49,0.0329,3878,74.3,1,0.09,66.46,,0.8015,0.627,0.7805,0.7354,0.554,1,0.09
Fornitore 845,7.28,3,0.002,308,7.2,1,0.9,95.99,,0.9317,0.9921,0.9898,0.9803,0.9877,1,0.9
Fornitore 846,13.89,27,0.0227,2735,50.9,1,0.08,71.42,,0.7675,0.8016,0.8496,0.8138,0.7052,1,0.08
Fornitore 847,11.62,30,0.0241,8209,72.5,1,0.38,69.51,,0.8239,0.7778,0.8401,0.4382,0.5656,1,0.38
Fornitore 848,8.23,40,0.0121,6101,78.0,0,0.21,66.51,,0.9081,0.6984,0.9214,0.5828,0.5301,0,0.21
Fornitore 849,7.0,51,0.0257,6392,72.3,1,0.15,70.72,,0.9386,0.6111,0.8293,0.5629,0.5669,1,0.15
Fornitore 850,16.73,58,0.0398,5373,88.3,1,0.3,60.88,,0.6969,0.5556,0.7337,0.6328,0.4635,1,0.3
Fornitore 851,12.45,49,0.0387,4627,43.9,1,0.3,71.64,,0.8032,0.627,0.7412,0.684,0.7505,1,0.3
Fornitore 852,14.98,29,0.0296,6397,46.1,1,0.27,69.85,,0.7404,0.7857,0.8028,0.5625,0.7363,1,0.27
Fornitore 853,7.99,2,0.0034,190,12.7,1,0.96,95.32,,0.914,1.0,0.9804,0.9884,0.9522,1,0.96
Fornitore 854,13.93,41,0.0321,7736,51.9,1,0.3,68.27,,0.7665,0.6905,0.7859,0.4707,0.6988,1,0.3
Fornitore 855,8.82,38,0.0119,3009,34.4,1,0.26,79.43,,0.8934,0.7143,0.9228,0.795,0.8119,1,0.26
Fornitore 856,14.0,30,0.0267,779,32.1,1,0.25,76.28,,0.7647,0.7778,0.8225,0.948,0.8268,1,0.25
Fornitore 857,5.33,3,0.0043,63,14.2,1,0.88,96.59,,0.9801,0.9921,0.9743,0.9971,0.9425,1,0.88
Fornitore 858,9.58,26,0.0136,8527,67.7,1,0.22,71.11,,0.8745,0.8095,0.9112,0.4164,0.5966,1,0.22
Fornitore 859,16.03,55,0.0108,3484,52.8,0,0.33,64.88,,0.7143,0.5794,0.9302,0.7624,0.693,0,0.33
Fornitore 860,15.03,58,0.0246,5024,64.1,1,0.11,64.86,,0.7391,0.5556,0.8367,0.6567,0.6199,1,0.11
Fornitore 861,21.26,40,0.0108,6617,91.2,1,0.11,57.2,,0.5843,0.6984,0.9302,0.5474,0.4447,1,0.11
Fornitore 862,13.62,52,0.027,5143,37.5,1,0.17,70.36,,0.7742,0.6032,0.8205,0.6486,0.7919,1,0.17
Fornitore 863,17.22,59,0.0246,6965,40.6,0,0.23,60.78,,0.6847,0.5476,0.8367,0.5236,0.7718,0,0.23
Fornitore 864,7.0,26,0.0289,2907,62.2,1,0.32,77.89,,0.9386,0.8095,0.8076,0.802,0.6322,1,0.32
Fornitore 865,14.47,45,0.0237,9331,41.6,1,0.14,66.69,,0.753,0.6587,0.8428,0.3612,0.7654,1,0.14
Fornitore 866,14.42,40,0.0191,7854,74.2,0,0.3,60.84,,0.7543,0.6984,0.874,0.4626,0.5546,0,0.3
Fornitore 867,9.0,39,0.0214,8022,61.4,1,0.37,72.72,,0.8889,0.7063,0.8584,0.451,0.6374,1,0.37
Fornitore 868,15.75,19,0.0285,9480,72.3,1,0.35,65.34,,0.7212,0.8651,0.8103,0.351,0.5669,1,0.35
Fornitore 869,8.07,51,0.0208,3625,85.4,1,0.08,69.63,,0.912,0.6111,0.8625,0.7527,0.4822,1,0.08
Fornitore 870,7.0,35,0.0342,9054,67.1,1,0.07,69.46,,0.9386,0.7381,0.7717,0.3802,0.6005,1,0.07
Fornitore 871,12.28,35,0.0124,1108,25.0,0,0.06,72.15,,0.8075,0.7381,0.9194,0.9254,0.8727,0,0.06
Fornitore 872,12.9,29,0.0172,7004,45.5,1,0.15,70.96,,0.792,0.7857,0.8869,0.5209,0.7401,1,0.15
Fornitore 873,43.05,76,0.1131,13232,127.5,0,0.03,13.44,,0.043,0.4127,0.2371,0.0936,0.2101,0,0.03
Fornitore 874,7.0,44,0.0161,513,54.6,1,0.37,80.45,,0.9386,0.6667,0.8943,0.9662,0.6813,1,0.37
Fornitore 875,6.37,3,0.0031,155,9.1,1,0.8,95.56,,0.9543,0.9921,0.9824,0.9908,0.9754,1,0.8
Fornitore 876,42.09,101,0.0791,10363,115.6,0,0.03,18.1,,0.0668,0.2143,0.4675,0.2904,0.287,0,0.03
Fornitore 877,15.75,15,0.0381,1753,38.6,1,0.28,73.97,,0.7212,0.8968,0.7453,0.8812,0.7847,1,0.28
Fornitore 878,7.36,7,0.0033,170,5.8,1,0.75,94.29,,0.9297,0.9603,0.981,0.9898,0.9968,1,0.75
Fornitore 879,7.0,54,0.0256,5952,38.5,1,0.08,74.46,,0.9386,0.5873,0.8299,0.5931,0.7854,1,0.08
Fornitore 880,19.96,41,0.0178,4168,65.7,1,0.36,65.26,,0.6166,0.6905,0.8828,0.7155,0.6096,1,0.36
Fornitore 881,15.45,46,0.0204,7940,71.3,1,0.24,64.1,,0.7287,0.6508,0.8652,0.4567,0.5734,1,0.24
Fornitore 882,12.81,39,0.0373,1140,32.2,0,0.3,71.12,,0.7943,0.7063,0.7507,0.9232,0.8261,0,0.3
Fornitore 883,9.27,29,0.0107,1186,58.3,1,0.18,77.19,,0.8822,0.7857,0.9309,0.9201,0.6574,1,0.18
Fornitore 884,12.21,53,0.0176,3720,64.4,0,0.24,65.34,,0.8092,0.5952,0.8841,0.7462,0.618,0,0.24
Fornitore 885,12.12,24,0.0317,4483,59.3,1,0.37,73.2,,0.8114,0.8254,0.7886,0.6939,0.6509,1,0.37
Fornitore 886,9.41,48,0.0156,2986,71.7,0,0.2,67.47,,0.8788,0.6349,0.8977,0.7966,0.5708,0,0.2
Fornitore 887,13.33,49,0.0375,3288,72.1,1,0.26,67.83,,0.7814,0.627,0.7493,0.7758,0.5682,1,0.26
Fornitore 888,9.79,34,0.0287,8003,61.5,1,0.28,71.03,,0.8693,0.746,0.8089,0.4523,0.6367,1,0.28
Fornitore 889,6.56,6,0.0009,275,7.0,1,0.76,95.1,,0.9496,0.9683,0.9973,0.9826,0.989,1,0.76
Fornitore 890,11.21,45,0.0293,2719,52.1,1,0.2,72.92,,0.834,0.6587,0.8049,0.8149,0.6975,1,0.2
Fornitore 891,10.05,29,0.0226,1116,56.7,1,0.21,76.26,,0.8629,0.7857,0.8503,0.9249,0.6677,1,0.21
Fornitore 892,12.27,39,0.0252,6239,25.0,1,0.11,72.95,,0.8077,0.7063,0.8327,0.5734,0.8727,1,0.11
Fornitore 893,13.18,58,0.0139,8397,52.2,1,0.16,66.92,,0.7851,0.5556,0.9092,0.4253,0.6968,1,0.16
Fornitore 894,9.73,32,0.0103,1619,49.1,0,0.39,74.58,,0.8708,0.7619,0.9336,0.8904,0.7169,0,0.39
Fornitore 895,16.7,33,0.0162,4091,68.4,1,0.29,67.84,,0.6976,0.754,0.8936,0.7208,0.5921,1,0.29
Fornitore 896,16.17,25,0.0232,7536,58.2,0,0.23,61.82,,0.7108,0.8175,0.8462,0.4844,0.658,0,0.23
Fornitore 897,12.57,53,0.0218,624,56.1,0,0.16,67.13,,0.8002,0.5952,0.8557,0.9586,0.6716,0,0.16
Fornitore 898,12.64,48,0.015,2224,30.6,1,0.12,74.73,,0.7985,0.6349,0.9018,0.8489,0.8365,1,0.12
Fornitore 899,9.33,55,0.012,7588,26.7,1,0.17,74.58,,0.8807,0.5794,0.9221,0.4808,0.8617,1,0.17
Fornitore 900,24.64,90,0.1149,10067,97.4,0,0.03,34.28,,0.5004,0.3016,0.2249,0.3107,0.4047,0,0.03
Fornitore 901,5.7,3,0.0019,199,14.7,1,0.9,96.47,,0.9709,0.9921,0.9905,0.9878,0.9392,1,0.9
Fornitore 902,7.52,5,0.0033,364,13.5,1,0.94,95.08,,0.9257,0.9762,0.981,0.9765,0.947,1,0.94
Fornitore 903,13.02,28,0.0333,4751,48.1,1,0.12,70.75,,0.7891,0.7937,0.7778,0.6755,0.7233,1,0.12
Fornitore 904,14.74,55,0.0254,5473,63.4,1,0.32,67.17,,0.7463,0.5794,0.8313,0.6259,0.6244,1,0.32
Fornitore 905,15.65,38,0.0104,7774,54.0,1,0.37,68.89,,0.7237,0.7143,0.9329,0.4681,0.6852,1,0.37
Fornitore 906,10.85,28,0.0238,5125,70.3,0,0.09,64.86,,0.843,0.7937,0.8421,0.6498,0.5798,0,0.09
Fornitore 907,9.39,21,0.0372,2937,25.0,1,0.09,78.13,,0.8793,0.8492,0.7514,0.7999,0.8727,1,0.09
Fornitore 908,10.1,34,0.0283,5626,38.2,1,0.35,76.13,,0.8616,0.746,0.8117,0.6154,0.7873,1,0.35
Fornitore 909,9.68,48,0.0255,8058,68.5,0,0.26,64.09,,0.872,0.6349,0.8306,0.4486,0.5915,0,0.26
Fornitore 910,14.81,22,0.0178,7329,57.7,1,0.35,70.01,,0.7446,0.8413,0.8828,0.4986,0.6613,1,0.35
Fornitore 911,7.37,4,0.0023,207,8.2,1,0.79,94.65,,0.9294,0.9841,0.9878,0.9872,0.9813,1,0.79
Fornitore 912,10.25,49,0.0189,3209,50.5,0,0.38,70.82,,0.8579,0.627,0.8753,0.7813,0.7078,0,0.38
Fornitore 913,14.12,17,0.0108,5696,61.2,0,0.35,67.15,,0.7617,0.881,0.9302,0.6106,0.6387,0,0.35
Fornitore 914,10.87,45,0.0143,7061,60.3,0,0.09,64.1,,0.8425,0.6587,0.9065,0.517,0.6445,0,0.09
Fornitore 915,10.19,23,0.0156,950,50.5,1,0.13,77.21,,0.8594,0.8333,0.8977,0.9363,0.7078,1,0.13
Fornitore 916,11.95,56,0.0139,4375,34.5,1,0.17,73.29,,0.8157,0.5714,0.9092,0.7013,0.8112,1,0.17
Fornitore 917,44.26,126,0.0939,14247,111.9,0,0.02,10.94,,0.0129,0.0159,0.3672,0.0239,0.3109,0,0.02
Fornitore 918,28.03,66,0.1302,13474,143.9,0,0.04,23.95,,0.4161,0.4921,0.1213,0.077,0.1041,0,0.04
Fornitore 919,20.8,48,0.0314,6929,76.4,1,0.38,59.98,,0.5958,0.6349,0.7907,0.526,0.5404,1,0.38
Fornitore 920,11.62,39,0.0363,9176,50.9,1,0.31,69.4,,0.8239,0.7063,0.7575,0.3719,0.7052,1,0.31
Fornitore 921,8.75,48,0.0315,2943,63.2,0,0.31,69.19,,0.8952,0.6349,0.79,0.7995,0.6257,0,0.31
Fornitore 922,15.79,48,0.0307,8601,56.7,1,0.23,64.28,,0.7202,0.6349,0.7954,0.4113,0.6677,1,0.23
Fornitore 923,7.0,35,0.0137,8844,42.4,1,0.14,74.89,,0.9386,0.7381,0.9106,0.3946,0.7602,1,0.14
Fornitore 924,12.69,59,0.0219,838,73.5,1,0.27,70.25,,0.7973,0.5476,0.855,0.9439,0.5591,1,0.27
Fornitore 925,15.24,20,0.0107,581,36.2,0,0.22,71.39,,0.7339,0.8571,0.9309,0.9616,0.8003,0,0.22
Fornitore 926,10.38,46,0.0317,3714,42.5,1,0.12,73.16,,0.8547,0.6508,0.7886,0.7466,0.7595,1,0.12
Fornitore 927,13.4,47,0.0226,8511,54.0,1,0.39,69.0,,0.7796,0.6429,0.8503,0.4175,0.6852,1,0.39
Fornitore 928,16.37,55,0.0292,8996,44.7,0,0.34,60.7,,0.7058,0.5794,0.8056,0.3842,0.7453,0,0.34
Fornitore 929,10.25,46,0.0274,7227,61.7,0,0.14,63.88,,0.8579,0.6508,0.8178,0.5056,0.6354,0,0.14
Fornitore 930,7.3,8,0.0011,262,16.3,1,0.87,94.19,,0.9312,0.9524,0.9959,0.9835,0.9289,1,0.87
Fornitore 931,17.3,53,0.0172,6751,84.8,1,0.3,61.82,,0.6827,0.5952,0.8869,0.5383,0.4861,1,0.3
Fornitore 932,13.43,55,0.0181,9422,42.3,1,0.17,67.33,,0.7789,0.5794,0.8808,0.355,0.7608,1,0.17
Fornitore 933,9.59,31,0.0268,1449,76.3,1,0.07,72.06,,0.8743,0.7698,0.8218,0.902,0.541,1,0.07
Fornitore 934,12.04,50,0.0275,539,71.7,1,0.3,71.89,,0.8134,0.619,0.8171,0.9645,0.5708,1,0.3
Fornitore 935,7.0,57,0.0121,6594,78.9,0,0.35,67.17,,0.9386,0.5635,0.9214,0.549,0.5242,0,0.35
Fornitore 936,12.58,39,0.0387,1582,70.8,1,0.22,70.14,,0.8,0.7063,0.7412,0.8929,0.5766,1,0.22
Fornitore 937,15.53,47,0.0372,7700,50.1,1,0.23,65.62,,0.7267,0.6429,0.7514,0.4731,0.7104,1,0.23
Fornitore 938,20.0,23,0.0362,4510,51.7,1,0.33,66.69,,0.6157,0.8333,0.7581,0.692,0.7001,1,0.33
Fornitore 939,12.54,41,0.0395,5970,43.6,1,0.39,72.16,,0.801,0.6905,0.7358,0.5918,0.7524,1,0.39
Fornitore 940,15.79,47,0.0246,3196,36.5,1,0.31,71.89,,0.7202,0.6429,0.8367,0.7822,0.7983,1,0.31
Fornitore 941,6.16,6,0.0006,387,7.7,1,0.89,96.6,,0.9595,0.9683,0.9993,0.9749,0.9845,1,0.89
Fornitore 942,33.85,83,0.1437,11500,112.6,0,0.01,21.73,,0.2716,0.3571,0.0298,0.2124,0.3064,0,0.01
Fornitore 943,7.0,29,0.0156,9323,65.1,1,0.34,73.97,,0.9386,0.7857,0.8977,0.3618,0.6134,1,0.34
Fornitore 944,5.96,4,0.0041,336,15.9,1,0.8,94.77,,0.9645,0.9841,0.9756,0.9784,0.9315,1,0.8
Fornitore 945,9.47,16,0.0361,4787,28.8,1,0.19,77.77,,0.8773,0.8889,0.7588,0.673,0.8481,1,0.19
Fornitore 946,32.7,77,0.1072,14321,146.0,0,0.04,19.72,,0.3001,0.4048,0.2771,0.0189,0.0905,0,0.04
Fornitore 947,9.9,15,0.0338,8383,38.8,1,0.17,73.68,,0.8666,0.8968,0.7744,0.4263,0.7835,1,0.17
Fornitore 948,6.98,3,0.0041,84,5.7,1,0.77,95.15,,0.9391,0.9921,0.9756,0.9957,0.9974,1,0.77
Fornitore 949,15.96,26,0.0344,6917,52.8,0,0.23,62.29,,0.716,0.8095,0.7703,0.5269,0.693,0,0.23
Fornitore 950,7.0,57,0.0204,8255,79.4,1,0.31,70.01,,0.9386,0.5635,0.8652,0.4351,0.521,1,0.31
Fornitore 951,7.06,6,0.0011,270,7.0,1,0.93,96.35,,0.9371,0.9683,0.9959,0.9829,0.989,1,0.93
Fornitore 952,15.98,39,0.0348,4655,77.0,1,0.26,64.93,,0.7155,0.7063,0.7676,0.6821,0.5365,1,0.26
Fornitore 953,11.54,57,0.0252,1453,35.3,1,0.11,74.1,,0.8258,0.5635,0.8327,0.9017,0.8061,1,0.11
Fornitore 954,7.0,32,0.0112,1606,85.3,0,0.19,70.22,,0.9386,0.7619,0.9275,0.8913,0.4829,0,0.19
Fornitore 955,14.02,21,0.0229,1944,54.5,1,0.3,74.04,,0.7642,0.8492,0.8482,0.8681,0.682,1,0.3
Fornitore 956,11.76,27,0.0283,4552,49.1,0,0.13,67.38,,0.8204,0.8016,0.8117,0.6891,0.7169,0,0.13
Fornitore 957,11.5,40,0.016,5150,62.6,0,0.32,67.15,,0.8268,0.6984,0.895,0.6481,0.6296,0,0.32
Fornitore 958,7.98,29,0.0246,3316,71.7,0,0.27,70.08,,0.9143,0.7857,0.8367,0.7739,0.5708,0,0.27
Fornitore 959,13.58,45,0.026,7390,46.7,0,0.07,62.28,,0.7752,0.6587,0.8272,0.4944,0.7324,0,0.07
Fornitore 960,13.83,28,0.0313,3582,25.0,1,0.23,75.07,,0.7689,0.7937,0.7913,0.7557,0.8727,1,0.23
Fornitore 961,19.08,49,0.0336,5721,62.0,1,0.23,62.43,,0.6385,0.627,0.7757,0.6089,0.6335,1,0.23
Fornitore 962,13.66,57,0.0152,6775,75.6,1,0.18,64.78,,0.7732,0.5635,0.9004,0.5366,0.5456,1,0.18
Fornitore 963,7.08,2,0.0039,344,15.9,1,0.77,93.66,,0.9366,1.0,0.977,0.9778,0.9315,1,0.77
Fornitore 964,9.48,23,0.0136,5193,58.7,1,0.06,73.29,,0.877,0.8333,0.9112,0.6451,0.6548,1,0.06
Fornitore 965,20.99,37,0.0284,6297,41.6,0,0.37,60.72,,0.5911,0.7222,0.811,0.5694,0.7654,0,0.37
Fornitore 966,11.6,43,0.026,4870,81.2,1,0.24,68.13,,0.8243,0.6746,0.8272,0.6673,0.5094,1,0.24
Fornitore 967,15.75,34,0.0324,7431,70.5,1,0.2,64.03,,0.7212,0.746,0.7839,0.4916,0.5785,1,0.2
Fornitore 968,7.71,16,0.0237,6410,27.2,0,0.15,73.84,,0.921,0.8889,0.8428,0.5616,0.8584,0,0.15
Fornitore 969,8.6,20,0.0165,1499,48.1,1,0.12,78.6,,0.8989,0.8571,0.8916,0.8986,0.7233,1,0.12
Fornitore 970,13.3,58,0.0149,6365,75.5,0,0.21,60.62,,0.7821,0.5556,0.9024,0.5647,0.5462,0,0.21
Fornitore 971,33.46,76,0.1418,13317,107.8,0,0.01,22.12,,0.2812,0.4127,0.0427,0.0878,0.3374,0,0.01
Fornitore 972,15.93,16,0.0238,5028,60.0,1,0.1,67.89,,0.7168,0.8889,0.8421,0.6565,0.6464,1,0.1
Fornitore 973,13.1,17,0.0178,895,47.3,1,0.25,76.66,,0.7871,0.881,0.8828,0.94,0.7285,1,0.25
Fornitore 974,4.98,2,0.002,60,11.7,1,0.79,96.55,,0.9888,1.0,0.9898,0.9973,0.9586,1,0.79
Fornitore 975,17.61,26,0.0182,5193,33.1,1,0.17,70.08,,0.675,0.8095,0.8801,0.6451,0.8203,1,0.17
Fornitore 976,18.42,53,0.0239,2364,50.5,1,0.21,66.94,,0.6549,0.5952,0.8415,0.8392,0.7078,1,0.21
Fornitore 977,10.47,47,0.0303,8985,72.9,1,0.39,68.25,,0.8524,0.6429,0.7981,0.385,0.563,1,0.39
Fornitore 978,19.75,47,0.0104,4495,43.6,1,0.32,67.7,,0.6219,0.6429,0.9329,0.693,0.7524,1,0.32
Fornitore 979,14.69,17,0.0335,7456,80.5,1,0.06,63.52,,0.7476,0.881,0.7764,0.4899,0.5139,1,0.06
Fornitore 980,10.31,24,0.0301,2917,37.9,1,0.12,76.22,,0.8564,0.8254,0.7995,0.8013,0.7893,1,0.12
Fornitore 981,7.0,39,0.0136,1710,43.6,1,0.37,81.62,,0.9386,0.7063,0.9112,0.8841,0.7524,1,0.37
Fornitore 982,10.33,23,0.0364,6411,50.1,1,0.09,71.58,,0.8559,0.8333,0.7568,0.5616,0.7104,1,0.09
Fornitore 983,4.53,2,0.0049,371,10.2,1,0.92,98.03,,1.0,1.0,0.9702,0.976,0.9683,1,0.92
Fornitore 984,11.56,34,0.0152,3072,69.5,1,0.06,70.56,,0.8253,0.746,0.9004,0.7907,0.585,1,0.06
Fornitore 985,18.3,40,0.0215,4529,84.1,0,0.29,58.21,,0.6579,0.6984,0.8577,0.6907,0.4906,0,0.29
Fornitore 986,13.82,24,0.0152,1623,45.1,0,0.22,70.14,,0.7692,0.8254,0.9004,0.8901,0.7427,0,0.22
Fornitore 987,10.29,50,0.0125,3727,54.1,0,0.09,67.42,,0.8569,0.619,0.9187,0.7457,0.6846,0,0.09
Fornitore 988,12.45,27,0.0101,7549,35.6,1,0.15,72.9,,0.8032,0.8016,0.935,0.4835,0.8041,1,0.15
Fornitore 989,11.24,55,0.0332,5100,55.0,1,0.18,69.63,,0.8333,0.5794,0.7785,0.6515,0.6787,1,0.18
Fornitore 990,14.96,26,0.0224,850,50.8,1,0.19,72.99,,0.7409,0.8095,0.8516,0.9431,0.7059,1,0.19
Fornitore 991,8.86,23,0.0334,4535,59.7,0,0.26,69.81,,0.8924,0.8333,0.7771,0.6903,0.6484,0,0.26
Fornitore 992,22.28,55,0.0375,7995,49.6,1,0.26,59.25,,0.559,0.5794,0.7493,0.4529,0.7136,1,0.26
Fornitore 993,18.36,18,0.0295,1765,56.7,1,0.3,69.9,,0.6564,0.873,0.8035,0.8803,0.6677,1,0.3
Fornitore 994,10.41,36,0.0184,9118,48.2,0,0.1,65.19,,0.8539,0.7302,0.8787,0.3758,0.7227,0,0.1
Fornitore 995,18.65,51,0.0376,6111,52.2,1,0.23,63.38,,0.6492,0.6111,0.7486,0.5822,0.6968,1,0.23
Fornitore 996,20.04,46,0.0141,8290,66.3,0,0.14,54.94,,0.6147,0.6508,0.9079,0.4327,0.6057,0,0.14
Fornitore 997,18.27,34,0.0297,8421,45.8,1,0.34,65.93,,0.6586,0.746,0.8022,0.4237,0.7382,1,0.34
Fornitore 998,7.86,8,0.0013,295,10.2,1,0.86,94.35,,0.9173,0.9524,0.9946,0.9812,0.9683,1,0.86
Fornitore 999,12.8,42,0.0319,7060,55.1,0,0.39,65.14,,0.7945,0.6825,0.7873,0.517,0.6781,0,0.39
Fornitore 1000,11.13,32,0.0144,3979,59.0,1,0.09,72.18,,0.836,0.7619,0.9058,0.7284,0.6529,1,0.09